pond,d__Bacteria;p__Bacteroidota;c__Bacteroidia;o__Chitinophagales;f__Chitinophagaceae,d__Bacteria;p__Bacteroidota;c__Bacteroidia;o__Flavobacteriales;f__Flavobacteriaceae,d__Bacteria;p__Verrucomicrobiota;c__Verrucomicrobiae;o__uncultured;f__uncultured,d__Bacteria;p__Proteobacteria;c__Gammaproteobacteria;o__Burkholderiales;f__Comamonadaceae,d__Bacteria;p__Planctomycetota;c__Planctomycetes;o__Isosphaerales;f__Isosphaeraceae,d__Bacteria;p__Verrucomicrobiota;c__Verrucomicrobiae;o__Verrucomicrobiales;f__Rubritaleaceae,d__Bacteria;p__Proteobacteria;c__Gammaproteobacteria;o__Burkholderiales;f__Methylophilaceae,d__Bacteria;p__Proteobacteria;c__Gammaproteobacteria;o__Burkholderiales;f__Burkholderiaceae,d__Bacteria;p__Planctomycetota;c__Planctomycetes;o__Gemmatales;f__Gemmataceae,d__Bacteria;p__Proteobacteria;c__Gammaproteobacteria;o__Methylococcales;f__Methylomonadaceae,d__Bacteria;p__Verrucomicrobiota;c__Verrucomicrobiae;o__Verrucomicrobiales;f__Verrucomicrobiaceae,d__Bacteria;p__Bacteroidota;c__Bacteroidia;o__Chitinophagales;f__Saprospiraceae,d__Bacteria;p__Bacteroidota;c__Bacteroidia;o__Flavobacteriales;f__Crocinitomicaceae,d__Bacteria;p__Bacteroidota;c__Bacteroidia;o__Cytophagales;f__Spirosomaceae,d__Bacteria;p__Verrucomicrobiota;c__Verrucomicrobiae;o__Opitutales;f__Opitutaceae,d__Bacteria;p__Bacteroidota;c__Bacteroidia;o__Sphingobacteriales;f__NS11-12_marine_group,d__Bacteria;p__Actinobacteriota;c__Actinobacteria;o__Frankiales;f__Sporichthyaceae,d__Bacteria;p__Actinobacteriota;c__Acidimicrobiia;o__Microtrichales;f__Ilumatobacteraceae,d__Bacteria;p__Armatimonadota;c__Armatimonadia;o__Armatimonadales;f__Armatimonadaceae,d__Bacteria;p__Cyanobacteria;c__Cyanobacteriia;o__Chloroplast;f__Chloroplast,d__Bacteria;p__Verrucomicrobiota;c__Verrucomicrobiae;o__Chthoniobacterales;f__Chthoniobacteraceae,d__Bacteria;p__Bdellovibrionota;c__Bdellovibrionia;o__Bacteriovoracales;f__Bacteriovoracaceae,d__Bacteria;p__Proteobacteria;c__Gammaproteobacteria;o__Burkholderiales;f__Alcaligenaceae,d__Bacteria;p__Actinobacteriota;c__Acidimicrobiia;o__Microtrichales;f__uncultured,d__Bacteria;p__Proteobacteria;c__Gammaproteobacteria;o__Steroidobacterales;f__Steroidobacteraceae,d__Bacteria;p__Proteobacteria;c__Gammaproteobacteria;o__Burkholderiales;f__Oxalobacteraceae,d__Bacteria;p__Verrucomicrobiota;c__Verrucomicrobiae;o__Pedosphaerales;f__Pedosphaeraceae,d__Bacteria;p__Bacteroidota;c__Bacteroidia;o__Sphingobacteriales;f__env.OPS_17,d__Bacteria;p__Verrucomicrobiota;c__Chlamydiae;o__Chlamydiales;f__cvE6,d__Bacteria;p__Proteobacteria;c__Alphaproteobacteria;o__Rhizobiales;f__Rhizobiales_Incertae_Sedis,d__Bacteria;p__Verrucomicrobiota;c__Chlamydiae;o__Chlamydiales;__,d__Bacteria;p__Cyanobacteria;c__Cyanobacteriia;o__Cyanobacteriales;f__Phormidiaceae,d__Bacteria;p__Actinobacteriota;c__Actinobacteria;o__Micrococcales;f__Microbacteriaceae,d__Bacteria;p__Proteobacteria;c__Gammaproteobacteria;o__Legionellales;f__Legionellaceae,d__Bacteria;p__Proteobacteria;c__Alphaproteobacteria;o__Rhodobacterales;f__Rhodobacteraceae,d__Bacteria;p__Bacteroidota;c__Bacteroidia;o__Flavobacteriales;f__NS9_marine_group,d__Bacteria;p__Proteobacteria;c__Gammaproteobacteria;o__Burkholderiales;f__Rhodocyclaceae,d__Bacteria;p__Actinobacteriota;c__Actinobacteria;o__Corynebacteriales;f__Mycobacteriaceae,d__Bacteria;p__Proteobacteria;c__Alphaproteobacteria;o__SAR11_clade;f__Clade_III,d__Bacteria;p__Gemmatimonadota;c__Gemmatimonadetes;o__Gemmatimonadales;f__Gemmatimonadaceae,d__Bacteria;p__Bdellovibrionota;c__Oligoflexia;o__Oligoflexales;f__uncultured,d__Bacteria;p__Desulfobacterota;c__Desulfuromonadia;o__Bradymonadales;f__Bradymonadales,d__Bacteria;p__Verrucomicrobiota;c__Verrucomicrobiae;o__Chthoniobacterales;f__Terrimicrobiaceae,d__Bacteria;p__Verrucomicrobiota;c__Verrucomicrobiae;o__Methylacidiphilales;f__Methylacidiphilaceae,d__Bacteria;p__Proteobacteria;c__Gammaproteobacteria;o__Burkholderiales;f__Nitrosomonadaceae,d__Bacteria;p__Proteobacteria;c__Gammaproteobacteria;o__Gammaproteobacteria_Incertae_Sedis;f__Unknown_Family,d__Bacteria;p__Planctomycetota;c__Planctomycetes;o__Pirellulales;f__Pirellulaceae,d__Bacteria;p__Proteobacteria;c__Gammaproteobacteria;o__Burkholderiales;f__Neisseriaceae,d__Bacteria;p__Proteobacteria;c__Gammaproteobacteria;o__Methylococcales;f__Methylococcaceae,d__Bacteria;p__Proteobacteria;c__Alphaproteobacteria;o__Rhizobiales;f__Beijerinckiaceae,d__Bacteria;p__Acidobacteriota;c__Vicinamibacteria;o__Vicinamibacterales;f__Vicinamibacteraceae,d__Bacteria;p__Bacteroidota;c__Bacteroidia;o__Cytophagales;f__Cyclobacteriaceae,d__Bacteria;p__Chloroflexi;c__Chloroflexia;o__Chloroflexales;f__Roseiflexaceae,d__Bacteria;p__Bacteroidota;c__Kapabacteria;o__Kapabacteriales;f__Kapabacteriales,d__Bacteria;p__Cyanobacteria;c__Cyanobacteriia;o__Synechococcales;f__Cyanobiaceae,d__Bacteria;p__Bacteroidota;c__Bacteroidia;o__Sphingobacteriales;f__AKYH767,d__Bacteria;p__Bacteroidota;c__Bacteroidia;o__Chitinophagales;f__uncultured,d__Bacteria;p__Bacteroidota;c__Bacteroidia;o__Sphingobacteriales;f__LiUU-11-161,d__Bacteria;p__Proteobacteria;c__Alphaproteobacteria;o__Sphingomonadales;f__Sphingomonadaceae,d__Bacteria;p__Proteobacteria;c__Gammaproteobacteria;o__Burkholderiales;f__TRA3-20,d__Bacteria;p__Myxococcota;c__Myxococcia;o__Myxococcales;f__Myxococcaceae,d__Bacteria;p__Armatimonadota;c__Fimbriimonadia;o__Fimbriimonadales;f__Fimbriimonadaceae,d__Bacteria;p__Proteobacteria;c__Gammaproteobacteria;o__Burkholderiales;f__Sutterellaceae,d__Bacteria;p__Actinobacteriota;c__Actinobacteria;o__PeM15;f__PeM15,d__Bacteria;p__Actinobacteriota;c__Thermoleophilia;o__Gaiellales;f__uncultured,d__Bacteria;p__Proteobacteria;c__Gammaproteobacteria;__;__,d__Bacteria;p__Verrucomicrobiota;c__Chlamydiae;o__Chlamydiales;f__Simkaniaceae,d__Bacteria;p__Bdellovibrionota;c__Oligoflexia;o__Silvanigrellales;f__Silvanigrellaceae,d__Bacteria;p__Cyanobacteria;c__Cyanobacteriia;o__Cyanobacteriales;f__Nostocaceae,d__Bacteria;p__Bacteroidota;c__Bacteroidia;o__Cytophagales;f__Microscillaceae,d__Bacteria;p__Bacteroidota;c__Bacteroidia;o__Flavobacteriales;__,d__Bacteria;p__Verrucomicrobiota;c__Verrucomicrobiae;o__Verrucomicrobiales;f__DEV007,d__Bacteria;p__Cyanobacteria;c__Cyanobacteriia;o__Cyanobacteriales;f__Microcystaceae,d__Bacteria;p__Planctomycetota;c__Planctomycetes;o__Planctomycetales;f__Rubinisphaeraceae,d__Bacteria;p__Bacteroidota;c__Bacteroidia;o__Flavobacteriales;f__Cryomorphaceae,d__Bacteria;p__Planctomycetota;c__Planctomycetes;o__Planctomycetales;f__uncultured,d__Bacteria;p__Proteobacteria;c__Gammaproteobacteria;o__Burkholderiales;f__MWH-UniP1_aquatic_group,d__Bacteria;p__Cyanobacteria;c__Vampirivibrionia;o__Vampirovibrionales;f__Vampirovibrionales,d__Bacteria;p__Bdellovibrionota;c__Oligoflexia;o__0319-6G20;f__0319-6G20,d__Bacteria;p__Firmicutes;c__Negativicutes;o__Veillonellales-Selenomonadales;f__Sporomusaceae,d__Bacteria;p__Proteobacteria;c__Gammaproteobacteria;o__Piscirickettsiales;f__Piscirickettsiaceae,d__Bacteria;p__Firmicutes;c__Bacilli;o__Lactobacillales;f__Lactobacillaceae,d__Bacteria;p__Bacteroidota;c__Bacteroidia;o__Bacteroidales;f__Prevotellaceae,d__Bacteria;p__Firmicutes;c__Bacilli;o__Lactobacillales;f__Carnobacteriaceae,d__Bacteria;p__Firmicutes;c__Negativicutes;o__Veillonellales-Selenomonadales;f__uncultured,d__Bacteria;p__Proteobacteria;c__Gammaproteobacteria;o__Aeromonadales;f__Aeromonadaceae,d__Bacteria;p__Verrucomicrobiota;c__Omnitrophia;o__Omnitrophales;f__Omnitrophaceae,d__Bacteria;p__Proteobacteria;c__Alphaproteobacteria;o__Rhizobiales;f__Rhizobiaceae,d__Bacteria;p__Chloroflexi;c__Anaerolineae;o__RBG-13-54-9;f__RBG-13-54-9,d__Bacteria;p__Actinobacteriota;c__Thermoleophilia;o__Solirubrobacterales;f__Solirubrobacteraceae,d__Bacteria;p__Proteobacteria;c__Gammaproteobacteria;o__R7C24;f__R7C24,d__Bacteria;p__Actinobacteriota;c__Actinobacteria;o__Frankiales;__,d__Bacteria;p__Bacteroidota;c__Bacteroidia;o__Sphingobacteriales;f__Sphingobacteriaceae,d__Bacteria;p__Actinobacteriota;c__Acidimicrobiia;o__Microtrichales;f__Microtrichaceae,d__Bacteria;p__Actinobacteriota;c__Actinobacteria;o__Bifidobacteriales;f__Bifidobacteriaceae,d__Bacteria;p__Bacteroidota;c__Bacteroidia;o__Cytophagales;__,d__Bacteria;p__Proteobacteria;c__Gammaproteobacteria;o__Cellvibrionales;f__Spongiibacteraceae,d__Bacteria;p__Myxococcota;c__Polyangia;o__Blfdi19;f__Blfdi19,d__Bacteria;p__Firmicutes;c__Bacilli;o__Bacillales;f__Bacillaceae,d__Bacteria;p__Dependentiae;c__Babeliae;o__Babeliales;f__Vermiphilaceae,d__Bacteria;p__Dependentiae;c__Babeliae;o__Babeliales;f__UBA12409,d__Bacteria;p__Desulfobacterota;c__Syntrophia;o__Syntrophales;f__Smithellaceae,d__Bacteria;p__Verrucomicrobiota;c__Chlamydiae;o__Chlamydiales;f__Parachlamydiaceae,d__Bacteria;p__Bacteroidota;c__SJA-28;o__SJA-28;f__SJA-28,d__Bacteria;p__Patescibacteria;c__Parcubacteria;o__Candidatus_Moranbacteria;f__Candidatus_Moranbacteria,d__Bacteria;p__Desulfobacterota;c__Syntrophia;o__Syntrophales;f__Syntrophaceae,d__Bacteria;p__Dependentiae;c__Babeliae;o__Babeliales;f__Babeliales,d__Bacteria;p__Firmicutes;c__Bacilli;o__Exiguobacterales;f__Exiguobacteraceae,d__Bacteria;p__Firmicutes;c__Bacilli;o__Bacillales;f__Planococcaceae,d__Bacteria;p__Bacteroidota;c__Bacteroidia;o__Bacteroidales;f__Dysgonomonadaceae,d__Bacteria;p__Actinobacteriota;c__Actinobacteria;o__Micrococcales;f__Micrococcaceae,d__Bacteria;p__Proteobacteria;c__Gammaproteobacteria;o__Pseudomonadales;f__Pseudomonadaceae,d__Bacteria;p__Proteobacteria;c__Gammaproteobacteria;o__Xanthomonadales;f__Xanthomonadaceae,d__Bacteria;p__Firmicutes;c__Clostridia;o__Clostridiales;f__Clostridiaceae,d__Bacteria;p__Bacteroidota;c__Bacteroidia;o__Bacteroidales;f__uncultured,d__Bacteria;p__Proteobacteria;c__Alphaproteobacteria;o__Rhizobiales;f__Devosiaceae,d__Bacteria;p__Planctomycetota;c__OM190;o__OM190;f__OM190,d__Bacteria;p__Proteobacteria;c__Alphaproteobacteria;o__Caulobacterales;f__Caulobacteraceae,d__Bacteria;p__Proteobacteria;c__Alphaproteobacteria;o__Acetobacterales;f__Acetobacteraceae,d__Bacteria;p__Dependentiae;c__Babeliae;o__Babeliales;__,d__Bacteria;p__Firmicutes;c__Bacilli;o__Paenibacillales;f__Paenibacillaceae,d__Bacteria;p__Firmicutes;c__Negativicutes;o__uncultured;f__uncultured,d__Bacteria;p__Bacteroidota;c__Bacteroidia;o__Bacteroidales;f__Paludibacteraceae,d__Bacteria;p__Chloroflexi;c__Anaerolineae;o__Caldilineales;f__Caldilineaceae,d__Bacteria;p__Proteobacteria;c__Alphaproteobacteria;o__Paracaedibacterales;f__Paracaedibacteraceae,d__Bacteria;p__Proteobacteria;c__Alphaproteobacteria;o__Caulobacterales;f__Hyphomonadaceae,d__Bacteria;p__Proteobacteria;c__Gammaproteobacteria;o__Enterobacterales;f__Yersiniaceae,d__Bacteria;p__Proteobacteria;c__Alphaproteobacteria;o__Rickettsiales;f__Mitochondria,d__Bacteria;p__Proteobacteria;c__Gammaproteobacteria;o__Diplorickettsiales;f__Diplorickettsiaceae,d__Bacteria;p__Proteobacteria;c__Gammaproteobacteria;o__211ds20;f__211ds20,d__Bacteria;p__Bacteroidota;c__Bacteroidia;o__Sphingobacteriales;f__ST-12K33,d__Bacteria;p__Proteobacteria;c__Gammaproteobacteria;o__Burkholderiales;f__Aquaspirillaceae,d__Bacteria;p__Proteobacteria;c__Gammaproteobacteria;o__Burkholderiales;f__T34,d__Bacteria;p__Myxococcota;c__Myxococcia;o__Myxococcales;f__Anaeromyxobacteraceae,d__Bacteria;p__Bdellovibrionota;c__Oligoflexia;o__Oligoflexales;f__Oligoflexales,d__Bacteria;p__Proteobacteria;c__Gammaproteobacteria;o__Burkholderiales;f__Chitinibacteraceae,d__Bacteria;p__Spirochaetota;c__Leptospirae;o__Leptospirales;f__Leptospiraceae,d__Bacteria;p__Firmicutes;c__Bacilli;o__Lactobacillales;f__Streptococcaceae,d__Bacteria;p__Proteobacteria;c__Gammaproteobacteria;o__Pseudomonadales;f__Moraxellaceae,d__Bacteria;p__Actinobacteriota;c__Actinobacteria;o__uncultured;f__uncultured,d__Bacteria;p__Bacteroidota;c__Bacteroidia;o__Bacteroidales;f__Bacteroidales_BS11_gut_group,d__Bacteria;p__Bacteroidota;c__Bacteroidia;o__Flavobacteriales;f__Weeksellaceae,d__Bacteria;p__Proteobacteria;c__Gammaproteobacteria;o__uncultured;f__uncultured,d__Bacteria;p__Actinobacteriota;c__Thermoleophilia;o__Solirubrobacterales;f__67-14,d__Bacteria;p__Firmicutes;c__Bacilli;o__Erysipelotrichales;f__Erysipelotrichaceae,d__Bacteria;p__Planctomycetota;c__Phycisphaerae;o__Phycisphaerales;f__Phycisphaeraceae,d__Bacteria;p__Proteobacteria;c__Gammaproteobacteria;o__Ga0077536;f__Ga0077536,d__Bacteria;p__Actinobacteriota;c__Actinobacteria;__;__,d__Bacteria;p__MBNT15;c__MBNT15;o__MBNT15;f__MBNT15,d__Bacteria;p__Proteobacteria;c__Alphaproteobacteria;o__Rhodospirillales;f__uncultured,d__Bacteria;p__Fusobacteriota;c__Fusobacteriia;o__Fusobacteriales;f__Fusobacteriaceae,d__Bacteria;p__Chloroflexi;c__Chloroflexia;o__Thermomicrobiales;f__JG30-KF-CM45,d__Bacteria;p__Proteobacteria;c__Alphaproteobacteria;o__Holosporales;f__Holosporaceae,d__Bacteria;p__Desulfobacterota;c__Desulfuromonadia;o__Geobacterales;f__Geobacteraceae,d__Bacteria;p__Proteobacteria;c__Gammaproteobacteria;o__Burkholderiales;__,d__Bacteria;p__Proteobacteria;c__Gammaproteobacteria;o__Coxiellales;f__Coxiellaceae,d__Bacteria;p__Bacteroidota;c__Bacteroidia;o__Bacteroidales;f__Muribaculaceae,d__Bacteria;p__Dependentiae;c__Babeliae;o__Babeliales;f__Babeliaceae,d__Bacteria;p__Firmicutes;c__Bacilli;o__Lactobacillales;f__Enterococcaceae,d__Bacteria;p__Proteobacteria;c__Gammaproteobacteria;o__Burkholderiales;f__Chromobacteriaceae,d__Bacteria;p__Myxococcota;c__Polyangia;o__Polyangiales;f__Polyangiaceae,d__Bacteria;p__SAR324_clade(Marine_group_B);c__SAR324_clade(Marine_group_B);o__SAR324_clade(Marine_group_B);f__SAR324_clade(Marine_group_B),d__Bacteria;p__Acidobacteriota;c__Vicinamibacteria;o__Vicinamibacterales;f__uncultured,d__Bacteria;p__Bacteroidota;c__Bacteroidia;o__Sphingobacteriales;f__Lentimicrobiaceae,d__Bacteria;p__Desulfobacterota;c__Syntrophia;o__Syntrophales;f__uncultured,d__Bacteria;p__Proteobacteria;c__Gammaproteobacteria;o__Enterobacterales;f__Enterobacteriaceae,d__Bacteria;p__Proteobacteria;c__Gammaproteobacteria;o__Cellvibrionales;f__Cellvibrionaceae,d__Bacteria;p__Bacteroidota;c__Chlorobia;o__Chlorobiales;f__Chlorobiaceae,d__Bacteria;p__Bacteroidota;c__Bacteroidia;o__Cytophagales;f__Cytophagaceae,d__Bacteria;p__Verrucomicrobiota;c__Verrucomicrobiae;o__UA11;f__UA11,d__Bacteria;p__Proteobacteria;c__Alphaproteobacteria;o__Reyranellales;f__Reyranellaceae,d__Bacteria;p__Firmicutes;c__Bacilli;o__Erysipelotrichales;f__Erysipelatoclostridiaceae,d__Bacteria;p__Spirochaetota;c__Spirochaetia;o__Spirochaetales;f__Spirochaetaceae,d__Bacteria;p__Acidobacteriota;c__Holophagae;o__Holophagales;f__Holophagaceae,d__Bacteria;p__Proteobacteria;c__Alphaproteobacteria;o__Rickettsiales;f__Fokiniaceae,d__Bacteria;p__Bacteroidota;c__Bacteroidia;o__Bacteroidales;f__Barnesiellaceae,d__Bacteria;p__Verrucomicrobiota;c__Kiritimatiellae;o__Kiritimatiellales;f__Kiritimatiellaceae,d__Bacteria;p__Proteobacteria;c__Gammaproteobacteria;o__Halothiobacillales;f__Halothiobacillaceae,d__Bacteria;p__Actinobacteriota;c__Actinobacteria;o__Propionibacteriales;f__Nocardioidaceae,d__Bacteria;p__Bacteroidota;c__Bacteroidia;o__Bacteroidales;f__Bacteroidaceae,d__Bacteria;p__Myxococcota;c__Polyangia;o__Polyangiales;f__Phaselicystidaceae,d__Bacteria;p__Firmicutes;c__Negativicutes;o__Veillonellales-Selenomonadales;__,d__Bacteria;p__Firmicutes;c__Clostridia;o__Clostridia;f__Hungateiclostridiaceae,d__Bacteria;p__Patescibacteria;c__Parcubacteria;__;__,d__Bacteria;p__Patescibacteria;c__Parcubacteria;o__Parcubacteria;f__Parcubacteria,d__Bacteria;p__Myxococcota;c__Polyangia;o__Polyangiales;f__Sandaracinaceae
H2O_S10,1349.0,586.0,331.0,480.0,229.0,309.0,272.0,342.0,73.0,83.0,181.0,126.0,55.0,94.0,28.0,79.0,194.0,181.0,35.0,39.0,24.0,32.0,47.0,18.0,29.0,27.0,37.0,30.0,15.0,41.0,14.0,35.0,20.0,12.0,23.0,11.0,23.0,37.0,11.0,11.0,11.0,10.0,13.0,20.0,7.0,7.0,39.0,5.0,8.0,3.0,2.0,2.0,2.0,2.0,0.0,0.0,0.0,0.0,0.0,0.0,0.0,0.0,0.0,0.0,0.0,0.0,0.0,0.0,0.0,0.0,0.0,0.0,0.0,0.0,0.0,0.0,0.0,0.0,0.0,,,,,,,,,,,,,,,,,,,,,,,,,,,,,,,,,,,,,,,,,,,,,,,,,,,,,,,,,,,,,,,,,,,,,,,,,,,,,,,,,,,,,,,,,,,,,,,,,,,,,,,,,,,
H2O_S10,473.0,66.0,204.0,682.0,14.0,12.0,384.0,513.0,0.0,0.0,767.0,2.0,23.0,309.0,83.0,37.0,314.0,7.0,67.0,213.0,0.0,57.0,329.0,1.0,0.0,18.0,72.0,0.0,0.0,37.0,0.0,0.0,152.0,0.0,25.0,33.0,0.0,79.0,0.0,103.0,32.0,0.0,3.0,0.0,2.0,0.0,57.0,0.0,12.0,0.0,0.0,11.0,0.0,12.0,304.0,32.0,35.0,38.0,40.0,10.0,10.0,10.0,3.0,0.0,0.0,0.0,0.0,0.0,0.0,0.0,0.0,0.0,0.0,0.0,0.0,0.0,0.0,0.0,0.0,,,,,,,,,,,,,,,,,,,,,,,,,,,,,,,,,,,,,,,,,,,,,,,,,,,,,,,,,,,,,,,,,,,,,,,,,,,,,,,,,,,,,,,,,,,,,,,,,,,,,,,,,,,
H2O_S10,768.0,351.0,118.0,838.0,62.0,72.0,387.0,536.0,20.0,22.0,71.0,111.0,35.0,28.0,13.0,70.0,74.0,88.0,8.0,57.0,291.0,0.0,5.0,40.0,4.0,35.0,63.0,16.0,0.0,14.0,0.0,0.0,0.0,0.0,0.0,18.0,38.0,41.0,0.0,10.0,43.0,0.0,141.0,152.0,60.0,66.0,1082.0,52.0,378.0,47.0,47.0,42.0,11.0,188.0,145.0,38.0,109.0,11.0,6.0,0.0,2.0,0.0,33.0,298.0,47.0,48.0,37.0,50.0,81.0,20.0,29.0,16.0,29.0,13.0,13.0,12.0,11.0,10.0,10.0,,,,,,,,,,,,,,,,,,,,,,,,,,,,,,,,,,,,,,,,,,,,,,,,,,,,,,,,,,,,,,,,,,,,,,,,,,,,,,,,,,,,,,,,,,,,,,,,,,,,,,,,,,,
H2O_S11,424.0,253.0,68.0,188.0,8.0,342.0,745.0,535.0,11.0,61.0,223.0,8.0,7.0,56.0,54.0,4.0,77.0,46.0,0.0,14.0,4.0,0.0,109.0,19.0,5.0,7.0,42.0,2.0,11.0,61.0,,,0.0,66.0,11.0,0.0,66.0,209.0,,,0.0,0.0,0.0,,41.0,123.0,56.0,,149.0,23.0,,0.0,,6.0,,0.0,,0.0,0.0,23.0,,0.0,27.0,4.0,8.0,,,,10.0,13.0,,,,0.0,9.0,,,,10.0,43.0,55.0,45.0,29.0,24.0,13.0,15.0,11.0,10.0,5.0,2.0,2.0,0.0,0.0,0.0,0.0,0.0,0.0,,,,,,,,,,,,,,,,,,,,,,,,,,,,,,,,,,,,,,,,,,,,,,,,,,,,,,,,,,,,,,,,,,,,,,,,,,,,,,,,,,,,,,,,,
H2O_S11,1378.0,832.0,2659.0,1924.0,0.0,525.0,1240.0,1613.0,0.0,378.0,2909.0,0.0,282.0,481.0,149.0,647.0,575.0,21.0,314.0,27.0,99.0,68.0,177.0,83.0,25.0,87.0,184.0,71.0,0.0,40.0,,,209.0,0.0,10.0,526.0,0.0,87.0,,,0.0,15.0,0.0,,0.0,9.0,0.0,,32.0,24.0,,110.0,,0.0,,31.0,,89.0,91.0,0.0,,3.0,0.0,0.0,10.0,,,,0.0,10.0,,,,0.0,0.0,,,,26.0,1.0,0.0,0.0,0.0,0.0,0.0,14.0,0.0,0.0,0.0,0.0,34.0,45.0,0.0,0.0,0.0,0.0,0.0,,,,,,,,,,,,,,,,,,,,,,,,,,,,,,,,,,,,,,,,,,,,,,,,,,,,,,,,,,,,,,,,,,,,,,,,,,,,,,,,,,,,,,,,,
H2O_S11,1141.0,669.0,395.0,1064.0,183.0,27.0,852.0,436.0,46.0,181.0,192.0,44.0,22.0,76.0,48.0,34.0,243.0,1.0,11.0,119.0,56.0,0.0,90.0,24.0,130.0,35.0,98.0,73.0,0.0,58.0,,,0.0,38.0,0.0,58.0,151.0,288.0,,,11.0,0.0,29.0,,0.0,124.0,173.0,,1718.0,48.0,,55.0,,421.0,,12.0,,0.0,1.0,0.0,,10.0,0.0,78.0,70.0,,,,0.0,13.0,,,,14.0,26.0,,,,13.0,0.0,0.0,0.0,0.0,0.0,0.0,2.0,2.0,0.0,5.0,88.0,13.0,0.0,23.0,14.0,11.0,10.0,10.0,,,,,,,,,,,,,,,,,,,,,,,,,,,,,,,,,,,,,,,,,,,,,,,,,,,,,,,,,,,,,,,,,,,,,,,,,,,,,,,,,,,,,,,,,
H2O_S12,297.0,7.0,275.0,496.0,16.0,0.0,107.0,529.0,9.0,0.0,158.0,204.0,329.0,0.0,37.0,91.0,98.0,,40.0,105.0,138.0,60.0,0.0,24.0,147.0,42.0,34.0,24.0,0.0,16.0,,0.0,13.0,0.0,,,0.0,108.0,,19.0,11.0,,0.0,63.0,41.0,52.0,97.0,0.0,8.0,13.0,,,,,162.0,,0.0,21.0,,0.0,,,31.0,3.0,13.0,,0.0,0.0,,0.0,0.0,,,,,,0.0,,10.0,0.0,,0.0,0.0,,,,,,0.0,6.0,,,,,,,25.0,21.0,2.0,0.0,0.0,0.0,0.0,0.0,0.0,0.0,0.0,,,,,,,,,,,,,,,,,,,,,,,,,,,,,,,,,,,,,,,,,,,,,,,,,,,,,,,,,,,,,,,,,,,,,,,,,,,,,,,
H2O_S12,188.0,31.0,21.0,223.0,223.0,31.0,34.0,178.0,32.0,17.0,256.0,32.0,12.0,34.0,14.0,0.0,0.0,,0.0,134.0,57.0,0.0,36.0,5.0,0.0,2.0,25.0,7.0,21.0,48.0,,217.0,0.0,792.0,,,41.0,263.0,,0.0,24.0,,1.0,9.0,43.0,25.0,262.0,0.0,68.0,0.0,,,,,21.0,,0.0,3.0,,4.0,,,26.0,8.0,3.0,,0.0,14.0,,4.0,0.0,,,,,,2.0,,0.0,15.0,,19.0,17.0,,,,,,18.0,0.0,,,,,,,3.0,0.0,16.0,30.0,15.0,24.0,14.0,11.0,11.0,10.0,12.0,,,,,,,,,,,,,,,,,,,,,,,,,,,,,,,,,,,,,,,,,,,,,,,,,,,,,,,,,,,,,,,,,,,,,,,,,,,,,,,
H2O_S12,499.0,62.0,54.0,513.0,44.0,290.0,86.0,241.0,34.0,0.0,19.0,201.0,7.0,0.0,0.0,8.0,0.0,,0.0,32.0,183.0,5.0,0.0,17.0,0.0,16.0,14.0,30.0,0.0,15.0,,0.0,0.0,38.0,,,50.0,166.0,,0.0,61.0,,222.0,69.0,8.0,48.0,1222.0,11.0,212.0,1.0,,,,,10.0,,35.0,21.0,,6.0,,,23.0,288.0,42.0,,12.0,0.0,,8.0,58.0,,,,,,12.0,,0.0,0.0,,0.0,0.0,,,,,,5.0,17.0,,,,,,,0.0,0.0,2.0,0.0,0.0,0.0,12.0,0.0,0.0,0.0,8.0,,,,,,,,,,,,,,,,,,,,,,,,,,,,,,,,,,,,,,,,,,,,,,,,,,,,,,,,,,,,,,,,,,,,,,,,,,,,,,,
H2O_S13,211.0,187.0,35.0,426.0,421.0,51.0,79.0,644.0,20.0,0.0,34.0,45.0,9.0,46.0,8.0,4.0,8.0,5.0,0.0,916.0,0.0,0.0,273.0,21.0,0.0,49.0,0.0,13.0,,88.0,,13.0,0.0,0.0,27.0,0.0,,365.0,3.0,1.0,139.0,0.0,,32.0,0.0,0.0,44.0,0.0,21.0,42.0,,0.0,0.0,0.0,97.0,0.0,,0.0,0.0,4.0,,,2.0,11.0,0.0,,0.0,0.0,,2.0,,,0.0,,0.0,,0.0,,,11.0,,,17.0,,,,,,0.0,,,0.0,25.0,,,,,,5.0,,,,,,,,,246.0,42.0,42.0,25.0,13.0,15.0,41.0,11.0,3.0,0.0,0.0,0.0,0.0,0.0,,,,,,,,,,,,,,,,,,,,,,,,,,,,,,,,,,,,,,,,,,,,,,,,,,,,,,,,,,,,,,,,,
H2O_S13,716.0,648.0,743.0,888.0,101.0,50.0,442.0,658.0,1.0,2.0,193.0,38.0,276.0,20.0,118.0,19.0,10.0,88.0,0.0,181.0,24.0,37.0,10.0,44.0,12.0,98.0,10.0,43.0,,37.0,,0.0,0.0,40.0,0.0,21.0,,90.0,0.0,43.0,3.0,0.0,,1.0,31.0,37.0,528.0,22.0,343.0,148.0,,66.0,10.0,2.0,41.0,11.0,,17.0,0.0,1.0,,,81.0,187.0,77.0,,42.0,0.0,,23.0,,,24.0,,0.0,,28.0,,,4.0,,,0.0,,,,,,2.0,,,0.0,96.0,,,,,,7.0,,,,,,,,,743.0,38.0,0.0,19.0,13.0,5.0,2.0,0.0,9.0,23.0,15.0,24.0,11.0,0.0,,,,,,,,,,,,,,,,,,,,,,,,,,,,,,,,,,,,,,,,,,,,,,,,,,,,,,,,,,,,,,,,,
H2O_S13,1215.0,334.0,400.0,1160.0,15.0,28.0,1236.0,763.0,209.0,264.0,160.0,39.0,143.0,506.0,83.0,39.0,575.0,128.0,18.0,81.0,23.0,0.0,70.0,8.0,230.0,61.0,95.0,46.0,,46.0,,0.0,48.0,0.0,0.0,110.0,,315.0,9.0,36.0,113.0,109.0,,9.0,0.0,121.0,199.0,0.0,241.0,40.0,,5.0,0.0,183.0,218.0,71.0,,0.0,47.0,85.0,,,0.0,0.0,75.0,,0.0,14.0,,0.0,,,0.0,,21.0,,0.0,,,0.0,,,0.0,,,,,,8.0,,,10.0,19.0,,,,,,0.0,,,,,,,,,0.0,0.0,0.0,0.0,0.0,3.0,2.0,0.0,0.0,0.0,0.0,0.0,0.0,53.0,,,,,,,,,,,,,,,,,,,,,,,,,,,,,,,,,,,,,,,,,,,,,,,,,,,,,,,,,,,,,,,,,
H2O_S14,568.0,3387.0,241.0,2996.0,241.0,171.0,596.0,1161.0,56.0,72.0,655.0,122.0,280.0,238.0,61.0,179.0,171.0,161.0,119.0,302.0,335.0,11.0,56.0,172.0,474.0,238.0,5.0,59.0,,195.0,,308.0,232.0,152.0,102.0,71.0,86.0,574.0,121.0,2.0,45.0,,104.0,48.0,61.0,143.0,269.0,11.0,147.0,13.0,5.0,27.0,84.0,11.0,70.0,13.0,0.0,26.0,62.0,13.0,,0.0,17.0,197.0,0.0,10.0,0.0,0.0,11.0,,,,,,0.0,10.0,123.0,,0.0,19.0,,,16.0,,33.0,46.0,,,82.0,,,,10.0,,,,,,23.0,,,,,,,,13.0,,,,,,80.0,10.0,,19.0,21.0,,,,,16.0,35.0,23.0,44.0,19.0,11.0,10.0,10.0,0.0,,,,,,,,,,,,,,,,,,,,,,,,,,,,,,,,,,,,,,,,,,,,,,,,,,,,,,,,
H2O_S14,479.0,208.0,222.0,755.0,8.0,3.0,173.0,455.0,81.0,0.0,21.0,127.0,93.0,2.0,3.0,43.0,6.0,40.0,12.0,32.0,291.0,0.0,1.0,13.0,0.0,20.0,17.0,21.0,,27.0,,0.0,13.0,12.0,12.0,48.0,21.0,111.0,0.0,0.0,0.0,,43.0,21.0,6.0,96.0,676.0,0.0,86.0,41.0,21.0,18.0,0.0,20.0,41.0,0.0,4.0,0.0,2.0,0.0,,0.0,23.0,423.0,62.0,55.0,21.0,0.0,3.0,,,,,,0.0,0.0,3.0,,0.0,0.0,,,0.0,,0.0,0.0,,,0.0,,,,48.0,,,,,,1.0,,,,,,,,0.0,,,,,,0.0,0.0,,0.0,0.0,,,,,0.0,0.0,4.0,0.0,2.0,0.0,0.0,0.0,0.0,,,,,,,,,,,,,,,,,,,,,,,,,,,,,,,,,,,,,,,,,,,,,,,,,,,,,,,,
H2O_S14,688.0,13.0,168.0,1696.0,2.0,0.0,410.0,1164.0,48.0,0.0,167.0,5.0,118.0,81.0,130.0,86.0,440.0,59.0,35.0,97.0,242.0,21.0,27.0,9.0,0.0,101.0,165.0,43.0,,61.0,,0.0,101.0,0.0,68.0,12.0,0.0,52.0,1.0,95.0,0.0,,9.0,0.0,0.0,528.0,56.0,0.0,0.0,0.0,0.0,781.0,0.0,2196.0,487.0,0.0,85.0,42.0,34.0,3.0,,12.0,0.0,5.0,0.0,0.0,0.0,12.0,0.0,,,,,,95.0,0.0,0.0,,26.0,0.0,,,0.0,,0.0,0.0,,,0.0,,,,0.0,,,,,,0.0,,,,,,,,0.0,,,,,,0.0,0.0,,6.0,0.0,,,,,0.0,0.0,0.0,0.0,0.0,0.0,0.0,0.0,26.0,,,,,,,,,,,,,,,,,,,,,,,,,,,,,,,,,,,,,,,,,,,,,,,,,,,,,,,,
H2O_S15,661.0,741.0,1001.0,1897.0,0.0,450.0,276.0,171.0,0.0,0.0,912.0,0.0,177.0,437.0,91.0,84.0,446.0,16.0,97.0,63.0,3.0,0.0,119.0,97.0,0.0,32.0,409.0,0.0,,32.0,,,143.0,0.0,0.0,186.0,2.0,50.0,5.0,0.0,13.0,,0.0,0.0,0.0,0.0,0.0,,10.0,0.0,0.0,0.0,0.0,0.0,0.0,195.0,15.0,152.0,80.0,,,,0.0,0.0,0.0,0.0,0.0,0.0,0.0,0.0,,,0.0,0.0,95.0,0.0,0.0,0.0,12.0,,,0.0,,,,0.0,,,0.0,0.0,,37.0,0.0,,,,0.0,,,,,,,,,,,,,,,,23.0,,,,,0.0,0.0,,986.0,,,,,0.0,,,0.0,,29.0,0.0,0.0,,,,,,,,,,,,,,,,,,,,,,,,,,,,,,,,,,,,,,,,,,,,,,,,,,,,,
H2O_S15,1147.0,741.0,126.0,1254.0,524.0,196.0,181.0,199.0,60.0,82.0,1082.0,28.0,37.0,170.0,21.0,6.0,33.0,23.0,77.0,235.0,92.0,22.0,315.0,20.0,231.0,27.0,2.0,21.0,,73.0,,,13.0,79.0,116.0,7.0,70.0,316.0,15.0,0.0,55.0,,0.0,26.0,3.0,156.0,80.0,,19.0,4.0,0.0,0.0,0.0,0.0,23.0,0.0,0.0,0.0,6.0,,,,0.0,12.0,2.0,0.0,11.0,0.0,0.0,0.0,,,0.0,0.0,0.0,0.0,12.0,0.0,0.0,,,22.0,,,,11.0,,,10.0,0.0,,0.0,13.0,,,,4.0,,,,,,,,,,,,,,,,28.0,,,,,11.0,0.0,,0.0,,,,,36.0,,,10.0,,0.0,17.0,16.0,,,,,,,,,,,,,,,,,,,,,,,,,,,,,,,,,,,,,,,,,,,,,,,,,,,,,
H2O_S15,708.0,327.0,407.0,1214.0,10.0,571.0,369.0,387.0,120.0,12.0,135.0,278.0,170.0,52.0,17.0,89.0,217.0,115.0,0.0,94.0,495.0,0.0,0.0,11.0,11.0,26.0,89.0,0.0,,14.0,,,0.0,11.0,0.0,30.0,90.0,92.0,2.0,10.0,11.0,,194.0,56.0,84.0,183.0,1631.0,,492.0,59.0,109.0,10.0,12.0,167.0,173.0,3.0,134.0,25.0,0.0,,,,61.0,68.0,27.0,88.0,0.0,20.0,238.0,47.0,,,39.0,20.0,0.0,12.0,35.0,29.0,0.0,,,0.0,,,,0.0,,,56.0,10.0,,0.0,14.0,,,,7.0,,,,,,,,,,,,,,,,5.0,,,,,0.0,31.0,,0.0,,,,,0.0,,,0.0,,11.0,0.0,0.0,,,,,,,,,,,,,,,,,,,,,,,,,,,,,,,,,,,,,,,,,,,,,,,,,,,,,
H2O_S16,622.0,209.0,129.0,882.0,28.0,54.0,368.0,773.0,,0.0,145.0,75.0,41.0,44.0,1.0,17.0,155.0,59.0,40.0,136.0,94.0,,30.0,62.0,103.0,30.0,33.0,27.0,,20.0,,0.0,6.0,87.0,0.0,30.0,0.0,120.0,,51.0,66.0,,,5.0,10.0,87.0,193.0,,585.0,79.0,,,,45.0,45.0,,,0.0,,,,,0.0,,21.0,11.0,15.0,,,12.0,,,,,5.0,,13.0,,,,,,,,,0.0,,,,10.0,40.0,,15.0,,,,12.0,24.0,,,,,,,,,,114.0,29.0,,,,0.0,,,,,,32.0,,0.0,,0.0,,,,,,,,,,,0.0,0.0,0.0,0.0,0.0,,,,,,,,,,,,,,,,,,,,,,,,,,,,,,,,,,,,,,,,,,,,,,,,
H2O_S16,1875.0,324.0,277.0,3473.0,5.0,342.0,494.0,491.0,,3.0,0.0,0.0,121.0,156.0,99.0,132.0,221.0,11.0,423.0,68.0,6.0,,52.0,0.0,122.0,109.0,317.0,15.0,,25.0,,0.0,146.0,0.0,12.0,24.0,0.0,84.0,,0.0,69.0,,,0.0,0.0,18.0,0.0,,1.0,30.0,,,,30.0,21.0,,,86.0,,,,,5.0,,12.0,0.0,3.0,,,0.0,,,,,20.0,,0.0,,,,,,,,,16.0,,,,0.0,0.0,,19.0,,,,0.0,0.0,,,,,,,,,,0.0,0.0,,,,1.0,,,,,,0.0,,892.0,,0.0,,,,,,,,,,,23.0,15.0,23.0,13.0,0.0,,,,,,,,,,,,,,,,,,,,,,,,,,,,,,,,,,,,,,,,,,,,,,,,
H2O_S16,172.0,369.0,0.0,504.0,197.0,2.0,168.0,959.0,,49.0,121.0,23.0,70.0,43.0,0.0,35.0,205.0,15.0,1.0,55.0,25.0,,19.0,14.0,122.0,23.0,0.0,0.0,,12.0,,28.0,9.0,37.0,11.0,14.0,39.0,129.0,,0.0,0.0,,,8.0,0.0,5.0,48.0,,20.0,4.0,,,,0.0,0.0,,,0.0,,,,,6.0,,0.0,0.0,3.0,,,0.0,,,,,0.0,,0.0,,,,,,,,,18.0,,,,0.0,0.0,,8.0,,,,0.0,0.0,,,,,,,,,,0.0,0.0,,,,41.0,,,,,,0.0,,2.0,,10.0,,,,,,,,,,,4.0,0.0,1.0,0.0,11.0,,,,,,,,,,,,,,,,,,,,,,,,,,,,,,,,,,,,,,,,,,,,,,,,
H2O_S17,46.0,1048.0,8.0,697.0,106.0,0.0,62.0,594.0,0.0,,50.0,10.0,0.0,96.0,0.0,3.0,1.0,0.0,0.0,84.0,2.0,0.0,48.0,10.0,11.0,89.0,0.0,12.0,,10.0,,,150.0,19.0,3.0,0.0,43.0,8.0,0.0,10.0,,,,,,,8.0,,36.0,0.0,,0.0,,,0.0,0.0,0.0,0.0,,,,,,17.0,,,0.0,0.0,,0.0,,,,,0.0,,,,,,,33.0,,57.0,,22.0,,,,,,0.0,213.0,,,,,,,,,,4.0,,,,,456.0,12.0,,,41.0,8.0,,,,,,,,,,10.0,,,10.0,,,,,,,,,,,,62.0,168.0,54.0,14.0,12.0,11.0,9.0,6.0,,,,,,,,,,,,,,,,,,,,,,,,,,,,,,,,,,,,,,,,,
H2O_S17,141.0,94.0,139.0,683.0,19.0,103.0,291.0,388.0,10.0,,120.0,2.0,66.0,50.0,0.0,22.0,30.0,4.0,30.0,88.0,55.0,5.0,47.0,0.0,223.0,2.0,3.0,3.0,,9.0,,,5.0,4.0,2.0,0.0,5.0,21.0,0.0,0.0,,,,,,,20.0,,138.0,11.0,,0.0,,,0.0,0.0,0.0,2.0,,,,,,87.0,,,0.0,0.0,,0.0,,,,,0.0,,,,,,,0.0,,1.0,,0.0,,,,,,0.0,0.0,,,,,,,,,,6.0,,,,,46.0,21.0,,,0.0,10.0,,,,,,,,,,0.0,,,0.0,,,,,,,,,,,,0.0,3.0,11.0,0.0,0.0,0.0,2.0,7.0,,,,,,,,,,,,,,,,,,,,,,,,,,,,,,,,,,,,,,,,,
H2O_S17,818.0,1886.0,284.0,954.0,0.0,120.0,429.0,588.0,0.0,,469.0,24.0,353.0,381.0,69.0,372.0,567.0,81.0,0.0,170.0,0.0,21.0,71.0,0.0,129.0,18.0,7.0,144.0,,25.0,,,415.0,0.0,36.0,14.0,0.0,2.0,11.0,0.0,,,,,,,0.0,,0.0,0.0,,18.0,,,10.0,14.0,62.0,44.0,,,,,,0.0,,,19.0,1114.0,,55.0,,,,,80.0,,,,,,,0.0,,0.0,,0.0,,,,,,39.0,0.0,,,,,,,,,,0.0,,,,,0.0,0.0,,,0.0,5.0,,,,,,,,,,0.0,,,0.0,,,,,,,,,,,,0.0,4.0,0.0,0.0,0.0,0.0,0.0,0.0,,,,,,,,,,,,,,,,,,,,,,,,,,,,,,,,,,,,,,,,,
H2O_S18,115.0,224.0,64.0,313.0,8.0,,65.0,632.0,,,0.0,,12.0,150.0,,,8.0,0.0,,8.0,5.0,,64.0,,0.0,18.0,0.0,12.0,,,,1002.0,0.0,14.0,24.0,0.0,0.0,35.0,,,0.0,,,,,,26.0,,11.0,0.0,,,,,,,,0.0,,,,0.0,,0.0,0.0,,,,,,,,,,,,,,,,,,,,,14.0,,,,,0.0,,12.0,0.0,,,0.0,,,,,,,,,,,35.0,,,,,13.0,,,,,,,,,,,,0.0,,,,,,,,,,,,,,,,,,,,,,,,,,,,,,,,,,,,,,,,,,,,,,,,,,,,,,,,,,,,,
H2O_S18,375.0,25.0,39.0,772.0,39.0,,544.0,493.0,,,23.0,,28.0,0.0,,,123.0,44.0,,13.0,28.0,,38.0,,49.0,49.0,25.0,12.0,,,,0.0,68.0,12.0,0.0,27.0,76.0,322.0,,,16.0,,,,,,86.0,,375.0,20.0,,,,,,,,24.0,,,,16.0,,20.0,108.0,,,,,,,,,,,,,,,,,,,,,0.0,,,,,12.0,,0.0,32.0,,,23.0,,,,,,,,,,,0.0,,,,,0.0,,,,,,,,,,,,10.0,,,,,,,,,,,,,,,,,,,,,,,,,,,,,,,,,,,,,,,,,,,,,,,,,,,,,,,,,,,,,
H2O_S19,152.0,837.0,85.0,915.0,97.0,790.0,100.0,301.0,33.0,,69.0,27.0,0.0,75.0,4.0,,26.0,65.0,1.0,20.0,,35.0,73.0,0.0,6.0,6.0,0.0,,,44.0,,171.0,0.0,0.0,75.0,0.0,0.0,23.0,,32.0,0.0,,,,0.0,0.0,2.0,,0.0,0.0,0.0,8.0,,0.0,0.0,3.0,,0.0,,,,,,0.0,0.0,,,0.0,,0.0,,,0.0,0.0,,,,,0.0,,,,,,,,,7.0,,,,0.0,0.0,,,,,,,,,,,,,,,0.0,,,,,,,,,,,0.0,,0.0,,,,,21.0,,,,,0.0,,,,,,,,,,,,,,,0.0,,,,,,,,,,,,,,,,,,,,,,,,,,,,,,,,,,,,,,,,
H2O_S19,325.0,12.0,88.0,1482.0,0.0,0.0,335.0,382.0,0.0,,260.0,1.0,72.0,92.0,27.0,,533.0,2.0,252.0,77.0,,78.0,305.0,0.0,0.0,61.0,18.0,,,3.0,,0.0,40.0,0.0,14.0,43.0,0.0,90.0,,10.0,0.0,,,,0.0,10.0,12.0,,7.0,17.0,0.0,0.0,,0.0,30.0,7.0,,0.0,,,,,,0.0,0.0,,,32.0,,11.0,,,0.0,0.0,,,,,92.0,,,,,,,,,0.0,,,,10.0,0.0,,,,,,,,,,,,,,,0.0,,,,,,,,,,,0.0,,29.0,,,,,0.0,,,,,97.0,,,,,,,,,,,,,,,0.0,,,,,,,,,,,,,,,,,,,,,,,,,,,,,,,,,,,,,,,,
H2O_S19,220.0,323.0,314.0,882.0,16.0,49.0,356.0,688.0,5.0,,143.0,36.0,0.0,10.0,14.0,,85.0,251.0,6.0,0.0,,0.0,0.0,41.0,5.0,67.0,0.0,,,89.0,,0.0,38.0,101.0,0.0,16.0,240.0,276.0,,109.0,15.0,,,,43.0,32.0,113.0,,471.0,31.0,10.0,8.0,,87.0,85.0,0.0,,44.0,,,,,,730.0,45.0,,,0.0,,0.0,,,26.0,17.0,,,,,0.0,,,,,,,,,9.0,,,,0.0,14.0,,,,,,,,,,,,,,,12.0,,,,,,,,,,,43.0,,0.0,,,,,0.0,,,,,0.0,,,,,,,,,,,,,,,16.0,,,,,,,,,,,,,,,,,,,,,,,,,,,,,,,,,,,,,,,,
H2O_S20,546.0,325.0,375.0,817.0,24.0,176.0,256.0,322.0,6.0,,84.0,49.0,36.0,71.0,0.0,11.0,27.0,61.0,0.0,36.0,208.0,0.0,50.0,43.0,13.0,22.0,24.0,8.0,0.0,28.0,,,2.0,280.0,0.0,13.0,10.0,242.0,8.0,,0.0,0.0,10.0,56.0,42.0,126.0,673.0,0.0,689.0,46.0,18.0,89.0,,53.0,0.0,,,,1.0,,,1.0,36.0,177.0,162.0,18.0,,88.0,,0.0,,0.0,12.0,,,27.0,11.0,,,,,,,,,0.0,,4.0,11.0,13.0,,,,,,,,13.0,,,,,,,,,,24.0,0.0,,,,0.0,,,,,12.0,31.0,,0.0,,,,,0.0,,,0.0,,,,,,,,,,,,,,,,,,,,,,,,,,,,,,,,,,,,,,,,,,,,,,,,,,,,,,,,,
H2O_S20,197.0,1626.0,0.0,1203.0,348.0,105.0,87.0,779.0,14.0,,455.0,41.0,79.0,123.0,11.0,0.0,0.0,0.0,2.0,97.0,0.0,0.0,228.0,16.0,125.0,13.0,2.0,282.0,17.0,223.0,,,19.0,308.0,210.0,0.0,39.0,460.0,2.0,,0.0,0.0,0.0,31.0,4.0,36.0,66.0,41.0,79.0,12.0,0.0,2.0,,0.0,0.0,,,,46.0,,,0.0,0.0,0.0,0.0,0.0,,0.0,,0.0,,14.0,0.0,,,4.0,0.0,,,,,,,,,40.0,,7.0,0.0,0.0,,,,,,,,0.0,,,,,,,,,,60.0,14.0,,,,10.0,,,,,0.0,0.0,,0.0,,,,,24.0,,,99.0,,,,,,,,,,,,,,,,,,,,,,,,,,,,,,,,,,,,,,,,,,,,,,,,,,,,,,,,,
H2O_S20,663.0,295.0,36.0,778.0,4.0,200.0,736.0,435.0,0.0,,441.0,18.0,31.0,206.0,16.0,292.0,490.0,59.0,101.0,116.0,22.0,15.0,58.0,29.0,135.0,61.0,107.0,6.0,0.0,92.0,,,0.0,0.0,6.0,30.0,0.0,25.0,55.0,,20.0,31.0,0.0,0.0,0.0,3.0,2.0,0.0,1.0,3.0,0.0,33.0,,0.0,189.0,,,,22.0,,,30.0,0.0,0.0,2.0,0.0,,41.0,,10.0,,0.0,0.0,,,0.0,0.0,,,,,,,,,0.0,,0.0,0.0,0.0,,,,,,,,0.0,,,,,,,,,,0.0,0.0,,,,0.0,,,,,0.0,12.0,,30.0,,,,,0.0,,,0.0,,,,,,,,,,,,,,,,,,,,,,,,,,,,,,,,,,,,,,,,,,,,,,,,,,,,,,,,,
H2O_S21,875.0,301.0,479.0,1381.0,8.0,159.0,1227.0,600.0,28.0,32.0,472.0,62.0,154.0,179.0,30.0,71.0,327.0,93.0,0.0,72.0,93.0,40.0,49.0,61.0,23.0,65.0,53.0,19.0,5.0,37.0,,10.0,21.0,22.0,0.0,62.0,312.0,194.0,,0.0,0.0,,19.0,,31.0,192.0,270.0,,1573.0,97.0,25.0,47.0,,30.0,70.0,27.0,,,21.0,4.0,,,12.0,128.0,163.0,,,0.0,20.0,11.0,,,13.0,15.0,13.0,,,,0.0,,,0.0,,,,,,,,33.0,19.0,,47.0,,,,10.0,29.0,,,,,,,,,,,,,,,0.0,4.0,,,,0.0,13.0,,,,4.0,,,,,,0.0,,,,,,,,,,,,,,2.0,,,,10.0,0.0,0.0,,,,,,,,,,,,,,,,,,,,,,,,,,,,,,,,,,,,,
H2O_S21,178.0,159.0,65.0,2478.0,558.0,28.0,132.0,914.0,41.0,1309.0,182.0,29.0,43.0,262.0,20.0,28.0,96.0,12.0,0.0,412.0,15.0,0.0,81.0,59.0,24.0,28.0,0.0,31.0,19.0,47.0,,692.0,45.0,193.0,303.0,14.0,24.0,154.0,,0.0,11.0,,0.0,,0.0,21.0,43.0,,35.0,0.0,3.0,0.0,,0.0,3.0,0.0,,,37.0,0.0,,,4.0,10.0,0.0,,,46.0,32.0,0.0,,,0.0,0.0,0.0,,,,0.0,,,28.0,,,,,,,,2.0,0.0,,0.0,,,,0.0,0.0,,,,,,,,,,,,,,,30.0,6.0,,,,11.0,0.0,,,,39.0,,,,,,13.0,,,,,,,,,,,,,,8.0,,,,0.0,10.0,10.0,,,,,,,,,,,,,,,,,,,,,,,,,,,,,,,,,,,,,
H2O_S21,820.0,223.0,472.0,1238.0,0.0,483.0,1031.0,1179.0,2.0,64.0,311.0,20.0,228.0,301.0,36.0,119.0,333.0,41.0,368.0,14.0,0.0,18.0,271.0,0.0,21.0,84.0,10.0,0.0,0.0,15.0,,7.0,121.0,0.0,2.0,237.0,0.0,37.0,,35.0,0.0,,0.0,,0.0,2.0,3.0,,5.0,0.0,0.0,0.0,,0.0,75.0,0.0,,,73.0,28.0,,,0.0,0.0,0.0,,,0.0,0.0,0.0,,,0.0,0.0,0.0,,,,16.0,,,0.0,,,,,,,,0.0,0.0,,0.0,,,,0.0,0.0,,,,,,,,,,,,,,,0.0,0.0,,,,0.0,0.0,,,,11.0,,,,,,0.0,,,,,,,,,,,,,,0.0,,,,0.0,0.0,0.0,,,,,,,,,,,,,,,,,,,,,,,,,,,,,,,,,,,,,
H2O_S22,625.0,1837.0,154.0,2677.0,336.0,213.0,167.0,2082.0,18.0,75.0,506.0,57.0,126.0,804.0,0.0,83.0,67.0,100.0,30.0,74.0,13.0,0.0,143.0,0.0,93.0,73.0,0.0,448.0,,3.0,,239.0,44.0,48.0,174.0,30.0,7.0,240.0,,3.0,0.0,,0.0,,1.0,0.0,79.0,,90.0,0.0,,4.0,,0.0,0.0,0.0,0.0,0.0,131.0,,,,1.0,5.0,0.0,2.0,0.0,,,0.0,,,,0.0,8.0,,0.0,,,,,,,,,28.0,,,,,,,,,,14.0,,,,,,,,,,,0.0,,,,,,,,,,,,0.0,,,,11.0,,0.0,,,,,,0.0,,,,,,,,,,,,,,,,,,,0.0,0.0,,,,,,,,,,,,,,,,,,,,,,,,,,,,,,,,,,,
H2O_S22,408.0,461.0,233.0,763.0,79.0,196.0,281.0,474.0,5.0,35.0,122.0,171.0,76.0,30.0,12.0,41.0,5.0,113.0,6.0,318.0,36.0,13.0,11.0,26.0,16.0,75.0,36.0,5.0,,86.0,,0.0,0.0,184.0,0.0,8.0,61.0,96.0,,10.0,15.0,,11.0,,33.0,132.0,223.0,,145.0,38.0,,25.0,,15.0,372.0,5.0,0.0,0.0,0.0,,,,24.0,181.0,20.0,29.0,0.0,,,0.0,,,,28.0,21.0,,11.0,,,,,,,,,0.0,,,,,,,,,,0.0,,,,,,,,,,,24.0,,,,,,,,,,,,17.0,,,,0.0,,11.0,,,,,,0.0,,,,,,,,,,,,,,,,,,,12.0,0.0,,,,,,,,,,,,,,,,,,,,,,,,,,,,,,,,,,,
H2O_S22,657.0,842.0,538.0,951.0,9.0,259.0,589.0,903.0,0.0,0.0,474.0,18.0,115.0,291.0,30.0,93.0,113.0,11.0,12.0,112.0,27.0,0.0,62.0,0.0,24.0,38.0,0.0,43.0,,119.0,,0.0,165.0,0.0,0.0,114.0,4.0,138.0,,17.0,0.0,,24.0,,0.0,0.0,18.0,,15.0,0.0,,333.0,,0.0,313.0,11.0,17.0,15.0,92.0,,,,0.0,0.0,0.0,0.0,13.0,,,10.0,,,,0.0,61.0,,0.0,,,,,,,,,0.0,,,,,,,,,,0.0,,,,,,,,,,,0.0,,,,,,,,,,,,0.0,,,,0.0,,0.0,,,,,,12.0,,,,,,,,,,,,,,,,,,,0.0,14.0,,,,,,,,,,,,,,,,,,,,,,,,,,,,,,,,,,,
H2O_S23,468.0,137.0,89.0,673.0,6.0,56.0,389.0,557.0,76.0,0.0,66.0,38.0,63.0,20.0,2.0,25.0,123.0,145.0,0.0,12.0,31.0,,17.0,21.0,30.0,52.0,0.0,0.0,,0.0,,,26.0,86.0,0.0,21.0,88.0,982.0,2.0,6.0,3.0,,,,23.0,0.0,342.0,,649.0,147.0,,26.0,0.0,55.0,0.0,11.0,,,0.0,,,,,260.0,181.0,,,,,,,,,,,,,,,,,,,,,,,,5.0,,,,,,,,,21.0,,,,,,,,,,,,,,,,,,,,,21.0,,,,,23.0,10.0,,,,,,,,,,,,,,,,,,,,,,,,,,,21.0,0.0,,,,,,,,,,,,,,,,,,,,,,,,,,,,,,,,,
H2O_S23,502.0,17.0,52.0,542.0,2.0,0.0,339.0,621.0,16.0,0.0,20.0,4.0,16.0,20.0,5.0,0.0,108.0,31.0,35.0,0.0,0.0,,62.0,2.0,61.0,17.0,32.0,10.0,,4.0,,,0.0,0.0,0.0,4.0,0.0,104.0,0.0,5.0,12.0,,,,0.0,19.0,31.0,,39.0,13.0,,61.0,0.0,0.0,61.0,0.0,,,11.0,,,,,3.0,22.0,,,,,,,,,,,,,,,,,,,,,,,,0.0,,,,,,,,,0.0,,,,,,,,,,,,,,,,,,,,,0.0,,,,,0.0,0.0,,,,,,,,,,,,,,,,,,,,,,,,,,,0.0,80.0,,,,,,,,,,,,,,,,,,,,,,,,,,,,,,,,,
H2O_S23,365.0,429.0,154.0,969.0,106.0,146.0,172.0,627.0,4.0,29.0,100.0,26.0,34.0,77.0,20.0,0.0,129.0,3.0,4.0,77.0,2.0,,145.0,24.0,15.0,3.0,0.0,0.0,,91.0,,,7.0,2224.0,55.0,17.0,2.0,163.0,9.0,0.0,43.0,,,,0.0,0.0,188.0,,37.0,3.0,,0.0,14.0,5.0,0.0,0.0,,,0.0,,,,,7.0,1.0,,,,,,,,,,,,,,,,,,,,,,,,5.0,,,,,,,,,0.0,,,,,,,,,,,,,,,,,,,,,0.0,,,,,0.0,0.0,,,,,,,,,,,,,,,,,,,,,,,,,,,0.0,0.0,,,,,,,,,,,,,,,,,,,,,,,,,,,,,,,,,
H2O_S24,41.0,238.0,41.0,1142.0,9.0,27.0,714.0,2619.0,3.0,149.0,56.0,10.0,25.0,137.0,0.0,16.0,146.0,12.0,0.0,27.0,64.0,0.0,111.0,11.0,8.0,19.0,0.0,,,92.0,,35.0,63.0,48.0,32.0,52.0,62.0,144.0,,,0.0,,0.0,,6.0,0.0,41.0,,136.0,1.0,,0.0,,0.0,0.0,,,,0.0,24.0,,,12.0,,2.0,,19.0,,,,,,,,,,,,34.0,,,,,43.0,,,,,,,,,21.0,,,,,,,,,,,,,,,121.0,,32.0,,,,,,,,,,,0.0,,,,,,,,36.0,,,,,,,,,,,,,,28.0,,,,,,,,0.0,,,44.0,,,,,,,,,,,,,,,,,,,,,,,,,,,,,,,,
H2O_S24,369.0,413.0,76.0,577.0,53.0,0.0,896.0,512.0,32.0,7.0,63.0,0.0,72.0,75.0,30.0,10.0,171.0,10.0,11.0,26.0,96.0,16.0,67.0,18.0,51.0,13.0,9.0,,,9.0,,0.0,2.0,11.0,11.0,65.0,549.0,135.0,,,0.0,,1.0,,0.0,12.0,128.0,,1516.0,53.0,,13.0,,12.0,0.0,,,,0.0,2.0,,,0.0,,73.0,,0.0,,,,,,,,,,,,19.0,,,,,0.0,,,,,,,,,36.0,,,,,,,,,,,,,,,0.0,,0.0,,,,,,,,,,,0.0,,,,,,,,0.0,,,,,,,,,,,,,,0.0,,,,,,,,0.0,,,0.0,,,,,,,,,,,,,,,,,,,,,,,,,,,,,,,,
H2O_S24,828.0,3347.0,1667.0,1232.0,663.0,156.0,951.0,1640.0,303.0,8.0,335.0,27.0,283.0,261.0,0.0,214.0,394.0,81.0,14.0,140.0,141.0,0.0,193.0,40.0,193.0,40.0,22.0,,,45.0,,0.0,295.0,0.0,0.0,49.0,38.0,339.0,,,110.0,,144.0,,5.0,2.0,109.0,,77.0,80.0,,15.0,,0.0,43.0,,,,34.0,12.0,,,0.0,,94.0,,13.0,,,,,,,,,,,,0.0,,,,,0.0,,,,,,,,,0.0,,,,,,,,,,,,,,,0.0,,0.0,,,,,,,,,,,348.0,,,,,,,,0.0,,,,,,,,,,,,,,0.0,,,,,,,,11.0,,,0.0,,,,,,,,,,,,,,,,,,,,,,,,,,,,,,,,
H2O_S25,1503.0,504.0,2597.0,2188.0,0.0,545.0,1138.0,904.0,,115.0,2.0,0.0,565.0,726.0,6.0,404.0,436.0,113.0,12.0,0.0,18.0,0.0,143.0,0.0,0.0,61.0,0.0,0.0,8.0,0.0,,0.0,611.0,0.0,,34.0,4.0,1.0,,,0.0,,,,0.0,0.0,2.0,0.0,0.0,0.0,,28.0,,,,,229.0,0.0,78.0,,,,,0.0,0.0,,,397.0,,,,,,,21.0,,,,,0.0,,0.0,0.0,,0.0,4.0,,,,0.0,0.0,136.0,29.0,,,,,,,0.0,,,0.0,,,,,,0.0,,,,0.0,,,,,,,,,,0.0,,,,,,0.0,,,,,,,,0.0,,,,,,0.0,,,,,,0.0,,,,,0.0,0.0,0.0,0.0,0.0,,,,,,,,,,,,,,,,,,,,,,,,,,,,
H2O_S25,1140.0,764.0,1478.0,1501.0,360.0,80.0,1454.0,1030.0,,581.0,166.0,6.0,232.0,527.0,22.0,111.0,583.0,106.0,0.0,56.0,20.0,51.0,160.0,15.0,109.0,66.0,178.0,56.0,4.0,92.0,,0.0,44.0,203.0,,54.0,500.0,103.0,,,15.0,,,,3.0,11.0,134.0,55.0,876.0,42.0,,130.0,,,,,5.0,14.0,4.0,,,,,40.0,79.0,,,12.0,,,,,,,45.0,,,,,3.0,,0.0,0.0,,0.0,9.0,,,,16.0,14.0,3.0,51.0,,,,,,,0.0,,,4.0,,,,,,0.0,,,,0.0,,,,,,,,,,0.0,,,,,,0.0,,,,,,,,6.0,,,,,,0.0,,,,,,0.0,,,,,39.0,4.0,0.0,0.0,0.0,,,,,,,,,,,,,,,,,,,,,,,,,,,,
H2O_S25,179.0,515.0,145.0,1097.0,356.0,485.0,695.0,3676.0,,1242.0,46.0,7.0,151.0,472.0,0.0,76.0,159.0,1.0,0.0,19.0,0.0,0.0,104.0,0.0,31.0,15.0,0.0,128.0,0.0,51.0,,47.0,52.0,37.0,,43.0,102.0,196.0,,,4.0,,,,29.0,111.0,77.0,0.0,134.0,7.0,,0.0,,,,,0.0,0.0,0.0,,,,,41.0,0.0,,,0.0,,,,,,,0.0,,,,,9.0,,149.0,40.0,,10.0,6.0,,,,0.0,0.0,0.0,16.0,,,,,,,105.0,,,133.0,,,,,,13.0,,,,110.0,,,,,,,,,,38.0,,,,,,11.0,,,,,,,,35.0,,,,,,10.0,,,,,,58.0,,,,,18.0,6.0,28.0,12.0,22.0,,,,,,,,,,,,,,,,,,,,,,,,,,,,
H2O_S26,1133.0,1623.0,895.0,3609.0,0.0,1145.0,1519.0,586.0,10.0,0.0,35.0,0.0,327.0,289.0,0.0,147.0,499.0,19.0,0.0,24.0,0.0,,78.0,,0.0,0.0,0.0,0.0,,0.0,,0.0,516.0,0.0,11.0,0.0,0.0,3.0,,29.0,,,,,,0.0,0.0,,0.0,0.0,,48.0,,,10.0,,31.0,,94.0,,,,,,0.0,0.0,10.0,164.0,,,,,,,,,,,,,,,,,,,,,,,,50.0,,,,,,,,,,,0.0,,,,,,,,,,25.0,,,,,,,,,,,,,,,,,,124.0,,,,,,,,10.0,,,,,,,,,,,,,,,,0.0,,,,10.0,,,,,,,,,,,,,,,,,,,,,,,,,,,
H2O_S26,465.0,62.0,395.0,372.0,117.0,44.0,988.0,456.0,0.0,1.0,66.0,2.0,34.0,4.0,0.0,4.0,20.0,11.0,0.0,12.0,140.0,,71.0,,69.0,56.0,11.0,0.0,,13.0,,0.0,3.0,27.0,0.0,4.0,712.0,182.0,,0.0,,,,,,214.0,21.0,,578.0,146.0,,5.0,,,0.0,,0.0,,0.0,,,,,,88.0,117.0,0.0,0.0,,,,,,,,,,,,,,,,,,,,,,,,0.0,,,,,,,,,,,0.0,,,,,,,,,,0.0,,,,,,,,,,,,,,,,,,0.0,,,,,,,,0.0,,,,,,,,,,,,,,,,24.0,,,,0.0,,,,,,,,,,,,,,,,,,,,,,,,,,,
H2O_S26,356.0,212.0,475.0,1073.0,216.0,4.0,572.0,581.0,0.0,633.0,35.0,52.0,90.0,82.0,29.0,45.0,121.0,18.0,10.0,71.0,61.0,,122.0,,49.0,37.0,0.0,172.0,,50.0,,15.0,0.0,188.0,0.0,10.0,3.0,182.0,,0.0,,,,,,40.0,33.0,,138.0,0.0,,1.0,,,0.0,,0.0,,4.0,,,,,,5.0,2.0,0.0,0.0,,,,,,,,,,,,,,,,,,,,,,,,0.0,,,,,,,,,,,10.0,,,,,,,,,,11.0,,,,,,,,,,,,,,,,,,0.0,,,,,,,,0.0,,,,,,,,,,,,,,,,0.0,,,,0.0,,,,,,,,,,,,,,,,,,,,,,,,,,,
H2O_S27,960.0,4699.0,2611.0,3461.0,0.0,159.0,1090.0,1646.0,0.0,36.0,0.0,0.0,1007.0,1856.0,0.0,126.0,359.0,14.0,5.0,0.0,27.0,,16.0,0.0,0.0,0.0,0.0,0.0,,0.0,,,739.0,0.0,126.0,3.0,1.0,0.0,22.0,17.0,,,0.0,,,0.0,0.0,,0.0,0.0,,153.0,,0.0,,0.0,438.0,,107.0,,,,,0.0,0.0,,,1323.0,,22.0,,,,,,,,,,,,,1.0,,,9.0,,,0.0,0.0,0.0,72.0,20.0,,,,,,,,,,,,,,,0.0,0.0,,0.0,,20.0,,,,,0.0,0.0,,8.0,,,,,,,,,,68.0,,,,,,,,,,,,,,,,,,,,,,,0.0,,,,,,12.0,0.0,0.0,,,,,,,,,,,,,,,,,,,,,,,,
H2O_S27,216.0,269.0,195.0,1416.0,202.0,87.0,217.0,1845.0,2.0,0.0,32.0,1.0,7.0,92.0,0.0,1.0,19.0,0.0,4.0,50.0,0.0,,81.0,6.0,126.0,15.0,0.0,5.0,,22.0,,,105.0,27.0,0.0,0.0,21.0,370.0,0.0,6.0,,,23.0,,,38.0,95.0,,33.0,0.0,,6.0,,0.0,,0.0,0.0,,2.0,,,,,5.0,0.0,,,0.0,,0.0,,,,,,,,,,,,,0.0,,,3.0,,,0.0,0.0,0.0,0.0,0.0,,,,,,,,,,,,,,,0.0,1.0,,2.0,,5.0,,,,,0.0,0.0,,0.0,,,,,,,,,,0.0,,,,,,,,,,,,,,,,,,,,,,,3.0,,,,,,0.0,0.0,0.0,,,,,,,,,,,,,,,,,,,,,,,,
H2O_S27,1584.0,370.0,394.0,1172.0,197.0,302.0,1478.0,1017.0,230.0,0.0,485.0,38.0,94.0,146.0,20.0,28.0,341.0,23.0,56.0,20.0,420.0,,142.0,9.0,239.0,71.0,102.0,87.0,,97.0,,,28.0,42.0,0.0,33.0,183.0,330.0,9.0,0.0,,,13.0,,,120.0,164.0,,1109.0,186.0,,35.0,,13.0,,11.0,5.0,,3.0,,,,,29.0,149.0,,,0.0,,17.0,,,,,,,,,,,,,10.0,,,0.0,,,10.0,41.0,81.0,0.0,0.0,,,,,,,,,,,,,,,10.0,21.0,,8.0,,4.0,,,,,13.0,10.0,,29.0,,,,,,,,,,0.0,,,,,,,,,,,,,,,,,,,,,,,7.0,,,,,,0.0,13.0,23.0,,,,,,,,,,,,,,,,,,,,,,,,
H2O_S28,1472.0,600.0,1656.0,3041.0,0.0,1867.0,868.0,1807.0,0.0,23.0,956.0,0.0,286.0,396.0,0.0,71.0,630.0,98.0,302.0,82.0,237.0,0.0,211.0,0.0,0.0,212.0,5.0,8.0,,49.0,,,277.0,0.0,103.0,0.0,0.0,13.0,,,0.0,,,,,0.0,0.0,,0.0,12.0,,69.0,,0.0,,,48.0,,270.0,,,,,0.0,0.0,,,502.0,,,,,,,,,,,0.0,,,0.0,,,,,,,,0.0,0.0,55.0,63.0,0.0,,,,,,,,,0.0,,0.0,,,,,,,,0.0,,,,,,,,,,,,,,,,,,34.0,,0.0,,,,,,,,,,,,,,,,,,,,,,,,,,,,,0.0,,,,,,,,,,,,,,,,,,,,,,,,
H2O_S28,728.0,63.0,214.0,801.0,121.0,72.0,1256.0,802.0,60.0,87.0,199.0,26.0,51.0,38.0,11.0,21.0,248.0,23.0,34.0,15.0,170.0,11.0,64.0,31.0,117.0,0.0,64.0,20.0,,0.0,,,0.0,26.0,2.0,27.0,815.0,360.0,,,15.0,,,,,39.0,236.0,,769.0,165.0,,0.0,,26.0,,,15.0,,0.0,,,,,10.0,259.0,,,0.0,,,,,,,,,,,10.0,,,0.0,,,,,,,,75.0,13.0,0.0,0.0,26.0,,,,,,,,,0.0,,4.0,,,,,,,,0.0,,,,,,,,,,,,,,,,,,0.0,,2.0,,,,,,,,,,,,,,,,,,,,,,,,,,,,,10.0,,,,,,,,,,,,,,,,,,,,,,,,
H2O_S28,121.0,58.0,31.0,1096.0,39.0,3.0,361.0,2755.0,0.0,926.0,15.0,35.0,45.0,139.0,0.0,10.0,45.0,0.0,1.0,120.0,31.0,0.0,43.0,2.0,14.0,10.0,0.0,74.0,,0.0,,,8.0,15.0,0.0,10.0,94.0,130.0,,,0.0,,,,,23.0,28.0,,156.0,3.0,,0.0,,0.0,,,0.0,,0.0,,,,,0.0,0.0,,,0.0,,,,,,,,,,,0.0,,,10.0,,,,,,,,0.0,0.0,0.0,0.0,0.0,,,,,,,,,26.0,,6.0,,,,,,,,65.0,,,,,,,,,,,,,,,,,,0.0,,9.0,,,,,,,,,,,,,,,,,,,,,,,,,,,,,0.0,,,,,,,,,,,,,,,,,,,,,,,,
H2O_S29,184.0,270.0,141.0,1159.0,63.0,0.0,141.0,639.0,31.0,0.0,140.0,,34.0,40.0,0.0,,23.0,193.0,21.0,0.0,67.0,,22.0,0.0,17.0,11.0,,,,104.0,,0.0,52.0,10.0,2.0,0.0,0.0,385.0,,55.0,,,,,0.0,33.0,389.0,,47.0,93.0,,16.0,12.0,,125.0,,,,0.0,,,,0.0,406.0,11.0,33.0,,,,,,,23.0,,,,,,,,,68.0,,,,,,,,,,53.0,,,,,,,,0.0,,,,,,,,106.0,,,,52.0,16.0,0.0,,,,,16.0,,,,,,0.0,,,,,,,,,,,,,,,0.0,,,,11.0,,,,,,,,,,,,,,,,,10.0,,,,,,,,,,,,,,,,,,,,,,,,,
H2O_S29,129.0,445.0,26.0,1420.0,377.0,171.0,27.0,709.0,0.0,14.0,348.0,,38.0,128.0,14.0,,447.0,16.0,29.0,125.0,0.0,,69.0,12.0,4.0,10.0,,,,62.0,,94.0,22.0,10.0,90.0,11.0,29.0,224.0,,36.0,,,,,13.0,0.0,17.0,,0.0,13.0,,0.0,0.0,,0.0,,,,15.0,,,,11.0,32.0,0.0,0.0,,,,,,,0.0,,,,,,,,,0.0,,,,,,,,,,6.0,,,,,,,,25.0,,,,,,,,0.0,,,,0.0,73.0,10.0,,,,,0.0,,,,,,12.0,,,,,,,,,,,,,,,12.0,,,,0.0,,,,,,,,,,,,,,,,,0.0,,,,,,,,,,,,,,,,,,,,,,,,,
H2O_S30,208.0,3069.0,58.0,1746.0,0.0,44.0,385.0,1077.0,3.0,0.0,2.0,0.0,288.0,650.0,0.0,62.0,435.0,0.0,0.0,14.0,0.0,0.0,5.0,0.0,4.0,0.0,0.0,0.0,,2.0,,0.0,1699.0,0.0,0.0,0.0,17.0,9.0,,0.0,0.0,,,,0.0,0.0,0.0,,0.0,0.0,,0.0,,,0.0,0.0,114.0,,48.0,,,0.0,0.0,0.0,0.0,,,770.0,,90.0,,,,,,,,,,0.0,,,,,,12.0,,,,,0.0,225.0,31.0,,,,0.0,,0.0,,,0.0,0.0,,,,,,,0.0,,,12.0,0.0,,,,0.0,0.0,,324.0,,,,,,0.0,,,,,,,,,3.0,,,,0.0,,,,,,,,,,,29.0,,,,,,,,,43.0,,,0.0,0.0,0.0,0.0,0.0,,,,,,,,,,,,,,,,,,,
H2O_S30,1075.0,1071.0,357.0,1805.0,164.0,44.0,754.0,761.0,81.0,110.0,549.0,107.0,106.0,193.0,66.0,86.0,226.0,461.0,45.0,74.0,385.0,31.0,79.0,59.0,255.0,44.0,75.0,41.0,,120.0,,0.0,11.0,53.0,0.0,41.0,191.0,123.0,,108.0,78.0,,,,0.0,78.0,258.0,,451.0,15.0,,31.0,,,39.0,42.0,0.0,,44.0,,,49.0,0.0,74.0,21.0,,,0.0,,0.0,,,,,,,,,,3.0,,,,,,3.0,,,,,178.0,0.0,0.0,,,,46.0,,4.0,,,0.0,0.0,,,,,,,0.0,,,41.0,0.0,,,,10.0,20.0,,0.0,,,,,,0.0,,,,,,,,,0.0,,,,0.0,,,,,,,,,,,0.0,,,,,,,,,0.0,,,5.0,0.0,0.0,0.0,0.0,,,,,,,,,,,,,,,,,,,
H2O_S30,189.0,806.0,3.0,416.0,85.0,73.0,125.0,1300.0,2.0,39.0,43.0,14.0,16.0,71.0,0.0,2.0,0.0,1.0,1.0,102.0,0.0,0.0,13.0,0.0,30.0,18.0,2.0,0.0,,94.0,,15.0,14.0,20.0,12.0,0.0,186.0,484.0,,0.0,2.0,,,,20.0,22.0,51.0,,70.0,11.0,,0.0,,,12.0,0.0,0.0,,0.0,,,3.0,13.0,0.0,0.0,,,2.0,,0.0,,,,,,,,,,8.0,,,,,,14.0,,,,,0.0,0.0,0.0,,,,0.0,,8.0,,,10.0,12.0,,,,,,,11.0,,,106.0,23.0,,,,0.0,1.0,,0.0,,,,,,14.0,,,,,,,,,19.0,,,,14.0,,,,,,,,,,,10.0,,,,,,,,,0.0,,,6.0,14.0,12.0,10.0,10.0,,,,,,,,,,,,,,,,,,,
H2O_S31,229.0,423.0,14.0,2238.0,374.0,135.0,1156.0,1990.0,0.0,150.0,81.0,42.0,23.0,226.0,73.0,12.0,86.0,0.0,1.0,91.0,1.0,0.0,288.0,20.0,37.0,36.0,0.0,16.0,,72.0,,,45.0,182.0,,12.0,43.0,373.0,0.0,,,,0.0,,,144.0,53.0,12.0,46.0,0.0,,0.0,32.0,0.0,,,0.0,0.0,0.0,,,,,15.0,0.0,,,0.0,,,,,,0.0,7.0,,,,,,13.0,,,,,0.0,,,,0.0,0.0,0.0,112.0,0.0,,,,,,16.0,,,55.0,,,,,,,,,,,,,,,,0.0,,3.0,,,,,,10.0,,,,,,,,,,,,,,,,11.0,,,,,,,,,,,,,,,,,,,,,,,,,,,,,,,,,,,,,,,,,,,
H2O_S31,1161.0,906.0,605.0,1085.0,183.0,99.0,1522.0,1075.0,12.0,132.0,188.0,0.0,180.0,251.0,74.0,142.0,412.0,96.0,19.0,13.0,112.0,20.0,150.0,44.0,26.0,35.0,54.0,11.0,,97.0,,,0.0,134.0,,30.0,135.0,201.0,7.0,,,,10.0,,,73.0,186.0,0.0,1343.0,83.0,,55.0,0.0,180.0,,,0.0,21.0,6.0,,,,,135.0,208.0,,,0.0,,,,,,11.0,31.0,,,,,,0.0,,,,,7.0,,,,218.0,25.0,0.0,42.0,29.0,,,,,,0.0,,,27.0,,,,,,,,,,,,,,,,16.0,,0.0,,,,,,0.0,,,,,,,,,,,,,,,,0.0,,,,,,,,,,,,,,,,,,,,,,,,,,,,,,,,,,,,,,,,,,,
H2O_S31,275.0,307.0,404.0,1893.0,0.0,1022.0,526.0,656.0,0.0,18.0,13.0,0.0,170.0,293.0,17.0,53.0,288.0,11.0,316.0,0.0,74.0,0.0,227.0,0.0,0.0,5.0,40.0,0.0,,1.0,,,266.0,0.0,,77.0,3.0,17.0,5.0,,,,0.0,,,0.0,0.0,0.0,0.0,0.0,,0.0,0.0,0.0,,,90.0,0.0,45.0,,,,,0.0,0.0,,,118.0,,,,,,0.0,4.0,,,,,,0.0,,,,,3.0,,,,0.0,8.0,71.0,0.0,0.0,,,,,,0.0,,,0.0,,,,,,,,,,,,,,,,0.0,,1741.0,,,,,,0.0,,,,,,,,,,,,,,,,0.0,,,,,,,,,,,,,,,,,,,,,,,,,,,,,,,,,,,,,,,,,,,
H2O_S32,854.0,2027.0,3393.0,2810.0,0.0,263.0,1295.0,1137.0,0.0,16.0,17.0,0.0,408.0,458.0,7.0,214.0,374.0,56.0,58.0,34.0,393.0,0.0,124.0,8.0,0.0,0.0,0.0,0.0,,5.0,,0.0,637.0,0.0,1.0,219.0,6.0,4.0,13.0,6.0,,,,,,0.0,0.0,,0.0,0.0,,0.0,,0.0,,,29.0,,221.0,,,0.0,0.0,0.0,0.0,,0.0,779.0,,,,,,,16.0,,,,,,0.0,,,,,11.0,,,,0.0,,100.0,0.0,0.0,,,,,,0.0,,,0.0,,,,,,,,,,0.0,,,,,,,,136.0,,,,,,,0.0,0.0,,68.0,,,,,,,,,,,,,,,,,,,,,,,0.0,0.0,0.0,,,,,,,,,,,,0.0,0.0,0.0,0.0,,,,,,,,,,,,,,,
H2O_S32,263.0,204.0,4.0,1236.0,356.0,284.0,794.0,3572.0,0.0,587.0,174.0,13.0,5.0,218.0,17.0,8.0,41.0,0.0,3.0,476.0,25.0,0.0,125.0,21.0,50.0,16.0,23.0,13.0,,119.0,,13.0,0.0,73.0,52.0,4.0,135.0,475.0,4.0,8.0,,,,,,36.0,74.0,,132.0,0.0,,1.0,,0.0,,,77.0,,7.0,,,0.0,18.0,12.0,10.0,,10.0,0.0,,,,,,,40.0,,,,,,24.0,,,,,0.0,,,,0.0,,0.0,0.0,0.0,,,,,,26.0,,,96.0,,,,,,,,,,34.0,,,,,,,,0.0,,,,,,,15.0,18.0,,0.0,,,,,,,,,,,,,,,,,,,,,,,39.0,69.0,26.0,,,,,,,,,,,,47.0,16.0,12.0,4.0,,,,,,,,,,,,,,,
H2O_S32,851.0,299.0,667.0,638.0,85.0,55.0,1222.0,616.0,10.0,154.0,79.0,0.0,82.0,316.0,96.0,25.0,465.0,35.0,0.0,95.0,5.0,12.0,148.0,24.0,32.0,26.0,62.0,19.0,,23.0,,0.0,4.0,35.0,0.0,16.0,279.0,206.0,5.0,0.0,,,,,,53.0,115.0,,1293.0,136.0,,55.0,,26.0,,,6.0,,23.0,,,10.0,6.0,39.0,137.0,,0.0,0.0,,,,,,,44.0,,,,,,0.0,,,,,0.0,,,,131.0,,1.0,11.0,31.0,,,,,,0.0,,,0.0,,,,,,,,,,2.0,,,,,,,,0.0,,,,,,,0.0,0.0,,0.0,,,,,,,,,,,,,,,,,,,,,,,0.0,0.0,0.0,,,,,,,,,,,,81.0,0.0,0.0,7.0,,,,,,,,,,,,,,,
H2O_S8,534.0,318.0,423.0,783.0,0.0,0.0,808.0,1174.0,,127.0,0.0,60.0,266.0,216.0,0.0,10.0,280.0,65.0,,475.0,0.0,,96.0,,22.0,37.0,0.0,14.0,,33.0,,0.0,113.0,0.0,,75.0,640.0,183.0,,,,,,,0.0,32.0,160.0,,1063.0,30.0,,,13.0,,,,,,0.0,0.0,,,0.0,10.0,,,,,,0.0,,,,,,,,,75.0,0.0,,0.0,1.0,0.0,,,,,,,,,2.0,,,,,,,0.0,,,,,,,,52.0,,0.0,,,,0.0,0.0,,,,,,,,0.0,,,,,,,,,,10.0,,,,64.0,0.0,,,,,0.0,0.0,,,,,,,,,,152.0,,,,,,,,,,4.0,,,,14.0,,,,42.0,12.0,10.0,6.0,0.0,0.0,0.0,0.0,0.0,0.0,0.0,0.0,,,
H2O_S8,200.0,175.0,24.0,725.0,10.0,219.0,2603.0,1961.0,,142.0,10.0,0.0,4.0,45.0,15.0,5.0,6.0,0.0,,8.0,12.0,,45.0,,11.0,19.0,97.0,0.0,,71.0,,14.0,56.0,24.0,,0.0,250.0,201.0,,,,,,,11.0,0.0,46.0,,163.0,0.0,,,0.0,,,,,,23.0,110.0,,,31.0,0.0,,,,,,62.0,,,,,,,,,0.0,36.0,,18.0,62.0,210.0,,,,,,,,,91.0,,,,,,,71.0,,,,,,,,48.0,,10.0,,,,19.0,32.0,,,,,,,,155.0,,,,,,,,,,0.0,,,,0.0,50.0,,,,,14.0,34.0,,,,,,,,,,181.0,,,,,,,,,,9.0,,,,27.0,,,,14.0,0.0,0.0,0.0,140.0,19.0,16.0,31.0,38.0,14.0,12.0,10.0,,,
H2O_S8,517.0,85.0,563.0,1030.0,0.0,0.0,502.0,1545.0,,81.0,0.0,0.0,31.0,204.0,0.0,93.0,225.0,2.0,,136.0,0.0,,153.0,,37.0,30.0,0.0,14.0,,0.0,,0.0,46.0,0.0,,0.0,89.0,29.0,,,,,,,0.0,0.0,0.0,,151.0,0.0,,,0.0,,,,,,10.0,0.0,,,2.0,0.0,,,,,,2.0,,,,,,,,,110.0,0.0,,0.0,0.0,0.0,,,,,,,,,10.0,,,,,,,0.0,,,,,,,,0.0,,0.0,,,,0.0,0.0,,,,,,,,0.0,,,,,,,,,,0.0,,,,0.0,0.0,,,,,0.0,0.0,,,,,,,,,,2.0,,,,,,,,,,0.0,,,,0.0,,,,0.0,0.0,1.0,5.0,0.0,0.0,0.0,2.0,0.0,0.0,0.0,0.0,,,
H2O_S9,120.0,333.0,37.0,402.0,180.0,128.0,20.0,37.0,33.0,,112.0,30.0,0.0,37.0,5.0,0.0,0.0,4.0,0.0,143.0,19.0,0.0,155.0,0.0,,0.0,0.0,,,44.0,,429.0,0.0,127.0,29.0,,10.0,221.0,,4.0,2.0,,0.0,7.0,15.0,4.0,60.0,,23.0,0.0,0.0,6.0,0.0,5.0,0.0,0.0,0.0,0.0,0.0,,,,9.0,18.0,3.0,,,0.0,1.0,0.0,,1.0,0.0,0.0,,,4.0,,,14.0,,,,,,,,,,0.0,,,0.0,,,,,0.0,,,,,,,23.0,,,72.0,10.0,,49.0,,4.0,,,,0.0,,0.0,,,,,,0.0,4.0,,,,,,,,,,,,,58.0,,,11.0,,0.0,,,,,,,,,,,,,,,,,,,,,,,,,,,,,,,,,,,,,,,,0.0,0.0,0.0
H2O_S9,296.0,384.0,103.0,1162.0,22.0,28.0,150.0,528.0,87.0,,102.0,2.0,9.0,254.0,113.0,0.0,5.0,277.0,11.0,5.0,271.0,0.0,15.0,100.0,,55.0,0.0,,,159.0,,0.0,49.0,99.0,2.0,,124.0,574.0,,43.0,29.0,,39.0,10.0,56.0,6.0,1991.0,,183.0,44.0,15.0,6.0,11.0,5.0,155.0,0.0,0.0,3.0,0.0,,,,149.0,1244.0,110.0,,,0.0,4.0,19.0,,6.0,35.0,0.0,,,0.0,,,2.0,,,,,,,,,,11.0,,,67.0,,,,,2.0,,,,,,,0.0,,,129.0,10.0,,2.0,,0.0,,,,0.0,,31.0,,,,,,22.0,29.0,,,,,,,,,,,,,0.0,,,0.0,,70.0,,,,,,,,,,,,,,,,,,,,,,,,,,,,,,,,,,,,,,,,0.0,0.0,0.0
H2O_S9,652.0,121.0,164.0,611.0,1.0,234.0,491.0,537.0,9.0,,283.0,65.0,40.0,88.0,31.0,143.0,138.0,44.0,0.0,460.0,266.0,11.0,0.0,0.0,,28.0,201.0,,,62.0,,0.0,40.0,10.0,8.0,,0.0,232.0,,342.0,12.0,,36.0,76.0,123.0,106.0,621.0,,79.0,10.0,0.0,179.0,0.0,1259.0,410.0,70.0,14.0,151.0,11.0,,,,116.0,294.0,22.0,,,22.0,118.0,23.0,,29.0,0.0,28.0,,,43.0,,,6.0,,,,,,,,,,2.0,,,0.0,,,,,30.0,,,,,,,0.0,,,0.0,0.0,,0.0,,7.0,,,,12.0,,0.0,,,,,,0.0,0.0,,,,,,,,,,,,,0.0,,,0.0,,4.0,,,,,,,,,,,,,,,,,,,,,,,,,,,,,,,,,,,,,,,,76.0,38.0,13.0
