pond,d__Bacteria;p__Proteobacteria;c__Gammaproteobacteria;o__Burkholderiales;f__Sutterellaceae,d__Bacteria;p__Proteobacteria;c__Gammaproteobacteria;o__Burkholderiales;f__Comamonadaceae,d__Bacteria;p__Proteobacteria;c__Gammaproteobacteria;o__Burkholderiales;f__Rhodocyclaceae,d__Bacteria;p__Bacteroidota;c__Bacteroidia;o__Sphingobacteriales;f__Lentimicrobiaceae,d__Bacteria;p__Desulfobacterota;c__Desulfobulbia;o__Desulfobulbales;f__Desulfobulbaceae,d__Bacteria;p__Bacteroidota;c__Bacteroidia;o__Chitinophagales;f__Saprospiraceae,d__Bacteria;p__Firmicutes;c__Bacilli;o__Bacillales;f__Bacillaceae,d__Bacteria;p__Actinobacteriota;c__Thermoleophilia;o__Solirubrobacterales;f__67-14,d__Bacteria;p__Cyanobacteria;c__Cyanobacteriia;o__Cyanobacteriales;f__Phormidiaceae,d__Bacteria;p__Desulfobacterota;c__Syntrophia;o__Syntrophales;f__uncultured,d__Bacteria;p__Bacteroidota;c__Bacteroidia;o__Bacteroidales;f__Bacteroidetes_vadinHA17,d__Bacteria;p__Bdellovibrionota;c__Oligoflexia;o__Silvanigrellales;f__Silvanigrellaceae,d__Bacteria;p__Desulfobacterota;c__Desulfobulbia;o__Desulfobulbales;f__Desulfocapsaceae,d__Bacteria;p__Acidobacteriota;c__Vicinamibacteria;o__Vicinamibacterales;f__uncultured,d__Bacteria;p__Proteobacteria;c__Gammaproteobacteria;o__Steroidobacterales;f__Steroidobacteraceae,d__Bacteria;p__Bacteroidota;c__Ignavibacteria;o__Ignavibacteriales;f__BSV40,d__Bacteria;p__Actinobacteriota;c__Thermoleophilia;o__Gaiellales;f__uncultured,d__Bacteria;p__Proteobacteria;c__Gammaproteobacteria;o__Xanthomonadales;f__Xanthomonadaceae,d__Bacteria;p__Bacteroidota;c__Bacteroidia;o__Chitinophagales;f__Chitinophagaceae,d__Bacteria;p__Desulfobacterota;c__Syntrophobacteria;o__Syntrophobacterales;f__Syntrophobacteraceae,d__Bacteria;p__Chloroflexi;c__Anaerolineae;o__SJA-15;f__SJA-15,d__Bacteria;p__Verrucomicrobiota;c__Chlamydiae;o__Chlamydiales;f__Parachlamydiaceae,d__Bacteria;p__Desulfobacterota;c__Syntrophorhabdia;o__Syntrophorhabdales;f__Syntrophorhabdaceae,d__Bacteria;p__Bacteroidota;c__Bacteroidia;o__Bacteroidales;f__Prolixibacteraceae,d__Bacteria;p__Actinobacteriota;c__Actinobacteria;o__Propionibacteriales;f__Nocardioidaceae,d__Bacteria;p__Bacteroidota;c__Ignavibacteria;o__Ignavibacteriales;f__Ignavibacteriaceae,d__Bacteria;p__Desulfobacterota;c__Syntrophia;o__Syntrophales;f__Smithellaceae,d__Bacteria;p__Desulfobacterota;c__Desulfuromonadia;o__Geobacterales;f__Geobacteraceae,d__Bacteria;p__Cyanobacteria;c__Cyanobacteriia;o__Chloroplast;f__Chloroplast,d__Bacteria;p__Desulfobacterota;c__Desulfobacteria;o__Desulfobacterales;f__Desulfosarcinaceae,d__Bacteria;p__Bacteroidota;c__Kryptonia;o__Kryptoniales;f__BSV26,d__Bacteria;p__Proteobacteria;c__Gammaproteobacteria;o__Burkholderiales;f__Nitrosomonadaceae,d__Bacteria;p__Bacteroidota;c__Bacteroidia;o__Bacteroidales;f__SB-5,d__Bacteria;p__Proteobacteria;c__Gammaproteobacteria;o__Methylococcales;f__Methylomonadaceae,d__Bacteria;p__Verrucomicrobiota;c__Verrucomicrobiae;o__Pedosphaerales;f__Pedosphaeraceae,d__Bacteria;p__Actinobacteriota;c__Thermoleophilia;o__Gaiellales;f__Gaiellaceae,d__Bacteria;p__Desulfobacterota;c__Syntrophia;o__Syntrophales;f__Syntrophaceae,d__Bacteria;p__Desulfobacterota;c__Desulfomonilia;o__Desulfomonilales;f__Desulfomonilaceae,d__Bacteria;p__Actinobacteriota;c__Actinobacteria;o__Micrococcales;f__Micrococcaceae,d__Bacteria;p__Bacteroidota;c__Ignavibacteria;o__Ignavibacteriales;f__UA-50,d__Bacteria;p__Proteobacteria;c__Gammaproteobacteria;o__Burkholderiales;f__Methylophilaceae,d__Bacteria;p__Gemmatimonadota;c__Gemmatimonadetes;o__Gemmatimonadales;f__Gemmatimonadaceae,d__Bacteria;p__Proteobacteria;c__Gammaproteobacteria;o__Xanthomonadales;f__Rhodanobacteraceae,d__Bacteria;p__Verrucomicrobiota;c__Verrucomicrobiae;o__Verrucomicrobiales;f__Verrucomicrobiaceae,d__Bacteria;p__Bacteroidota;c__Ignavibacteria;o__Ignavibacteriales;f__PHOS-HE36,d__Bacteria;p__Desulfobacterota;c__Desulfobaccia;o__Desulfobaccales;f__Desulfobaccaceae,d__Bacteria;p__Acidobacteriota;c__Aminicenantia;o__Aminicenantales;f__Aminicenantales,d__Bacteria;p__Cyanobacteria;c__Cyanobacteriia;o__Synechococcales;f__Cyanobiaceae,d__Bacteria;p__MBNT15;c__MBNT15;o__MBNT15;f__MBNT15,d__Bacteria;p__Latescibacterota;c__Latescibacterota;o__Latescibacterota;f__Latescibacterota,d__Bacteria;p__Firmicutes;c__Clostridia;o__Clostridiales;f__Clostridiaceae,d__Bacteria;p__Bacteroidota;c__SJA-28;o__SJA-28;f__SJA-28,d__Bacteria;p__Proteobacteria;c__Gammaproteobacteria;o__Burkholderiales;f__Hydrogenophilaceae,d__Bacteria;p__TA06;c__TA06;o__TA06;f__TA06,d__Bacteria;p__Chloroflexi;c__Anaerolineae;o__Anaerolineales;f__Anaerolineaceae,d__Bacteria;p__Proteobacteria;c__Gammaproteobacteria;o__Burkholderiales;f__SC-I-84,d__Bacteria;p__Acidobacteriota;c__Vicinamibacteria;o__Vicinamibacterales;f__Vicinamibacteraceae,d__Bacteria;p__Proteobacteria;c__Gammaproteobacteria;o__Gammaproteobacteria_Incertae_Sedis;f__Unknown_Family,d__Bacteria;p__Acidobacteriota;c__Holophagae;o__Subgroup_7;f__Subgroup_7,d__Bacteria;p__Myxococcota;c__Polyangia;o__Polyangiales;f__Polyangiaceae,d__Bacteria;p__Verrucomicrobiota;c__Verrucomicrobiae;o__Verrucomicrobiales;f__Rubritaleaceae,d__Bacteria;p__Nitrospirota;c__Nitrospiria;o__Nitrospirales;f__Nitrospiraceae,d__Bacteria;p__Actinobacteriota;c__Thermoleophilia;o__Solirubrobacterales;f__Solirubrobacteraceae,d__Bacteria;p__Verrucomicrobiota;c__Verrucomicrobiae;o__Opitutales;f__Opitutaceae,d__Bacteria;p__Actinobacteriota;c__Actinobacteria;o__Micrococcales;f__Intrasporangiaceae,d__Bacteria;p__Chloroflexi;c__Ktedonobacteria;o__C0119;f__C0119,d__Bacteria;p__Proteobacteria;c__Gammaproteobacteria;o__Burkholderiales;f__Gallionellaceae,d__Bacteria;p__Actinobacteriota;c__Actinobacteria;o__PeM15;f__PeM15,d__Bacteria;p__Cyanobacteria;c__Cyanobacteriia;o__Oxyphotobacteria_Incertae_Sedis;f__Unknown_Family,d__Bacteria;p__Proteobacteria;c__Gammaproteobacteria;o__Burkholderiales;f__Oxalobacteraceae,d__Bacteria;p__Acidobacteriota;c__Subgroup_18;o__Subgroup_18;f__Subgroup_18,d__Bacteria;p__Bdellovibrionota;c__Oligoflexia;o__Oligoflexales;f__uncultured,d__Bacteria;p__Spirochaetota;c__Spirochaetia;o__Spirochaetales;f__Spirochaetaceae,d__Bacteria;p__Proteobacteria;c__Gammaproteobacteria;o__WD260;f__WD260,d__Bacteria;p__Myxococcota;c__Polyangia;o__Polyangiales;f__Sandaracinaceae,d__Bacteria;p__Myxococcota;c__Polyangia;o__mle1-27;f__mle1-27,d__Bacteria;p__Acidobacteriota;c__Thermoanaerobaculia;o__Thermoanaerobaculales;f__Thermoanaerobaculaceae,d__Bacteria;p__Actinobacteriota;c__Actinobacteria;o__Corynebacteriales;f__Nocardiaceae,d__Bacteria;p__Myxococcota;c__Polyangia;o__Haliangiales;f__Haliangiaceae,d__Bacteria;p__Proteobacteria;c__Alphaproteobacteria;o__Rhizobiales;f__Xanthobacteraceae,d__Bacteria;p__Actinobacteriota;c__Thermoleophilia;o__Gaiellales;__,d__Bacteria;p__Proteobacteria;c__Gammaproteobacteria;o__Burkholderiales;f__A21b,d__Bacteria;p__Gemmatimonadota;c__Longimicrobia;o__Longimicrobiales;f__Longimicrobiaceae,d__Bacteria;p__Firmicutes;c__Bacilli;o__Bacillales;f__Planococcaceae,d__Bacteria;p__Bacteroidota;c__Bacteroidia;o__Sphingobacteriales;f__Sphingobacteriaceae,d__Bacteria;p__Acidobacteriota;c__Vicinamibacteria;o__Subgroup_17;f__Subgroup_17,d__Bacteria;p__Bacteroidota;c__Ignavibacteria;o__Ignavibacteriales;f__Ignavibacteriales,d__Bacteria;p__Bacteroidota;c__Bacteroidia;o__Bacteroidales;f__Paludibacteraceae,d__Bacteria;p__Proteobacteria;c__Gammaproteobacteria;o__Burkholderiales;f__Sulfuricellaceae,d__Bacteria;p__Myxococcota;c__Myxococcia;o__Myxococcales;f__Myxococcaceae,d__Bacteria;p__Planctomycetota;c__Planctomycetes;o__Pirellulales;f__Pirellulaceae,d__Bacteria;p__Bacteroidota;c__Ignavibacteria;o__Ignavibacteriales;__,d__Bacteria;p__Actinobacteriota;c__Actinobacteria;o__Corynebacteriales;f__Corynebacteriales_Incertae_Sedis,d__Bacteria;p__Actinobacteriota;c__Acidimicrobiia;o__IMCC26256;f__IMCC26256,d__Bacteria;p__Actinobacteriota;c__Actinobacteria;o__Micrococcales;f__Microbacteriaceae,d__Bacteria;p__Cyanobacteria;c__Cyanobacteriia;o__Cyanobacteriales;f__Nostocaceae,d__Bacteria;p__Proteobacteria;c__Gammaproteobacteria;o__Methylococcales;f__Methylococcaceae,d__Bacteria;p__Fibrobacterota;c__Fibrobacteria;o__Fibrobacterales;f__Fibrobacterales,d__Bacteria;p__Zixibacteria;c__Zixibacteria;o__Zixibacteria;f__Zixibacteria,d__Bacteria;p__Cyanobacteria;c__Cyanobacteriia;o__Phormidesmiales;f__Nodosilineaceae,d__Bacteria;p__Proteobacteria;c__Gammaproteobacteria;o__Burkholderiales;f__Alcaligenaceae,d__Bacteria;p__Myxococcota;c__Myxococcia;o__Myxococcales;f__Anaeromyxobacteraceae,d__Bacteria;p__Proteobacteria;c__Alphaproteobacteria;o__Rhizobiales;f__Hyphomicrobiaceae,d__Bacteria;p__Nitrospirota;c__4-29-1;o__4-29-1;f__4-29-1,d__Bacteria;p__Verrucomicrobiota;c__Verrucomicrobiae;o__Chthoniobacterales;f__Chthoniobacteraceae,d__Bacteria;p__Proteobacteria;c__Gammaproteobacteria;o__JG36-TzT-191;f__JG36-TzT-191,d__Bacteria;p__Bacteroidota;c__Bacteroidia;o__Bacteroidales;f__Williamwhitmaniaceae,d__Bacteria;p__Acidobacteriota;c__Acidobacteriae;o__Subgroup_2;f__Subgroup_2,d__Bacteria;p__Firmicutes;c__Bacilli;o__Alicyclobacillales;f__Alicyclobacillaceae,d__Bacteria;p__Acidobacteriota;c__Holophagae;o__Holophagales;f__Holophagaceae,d__Bacteria;p__RCP2-54;c__RCP2-54;o__RCP2-54;f__RCP2-54,d__Bacteria;p__Chloroflexi;c__KD4-96;o__KD4-96;f__KD4-96,d__Bacteria;p__Proteobacteria;c__Gammaproteobacteria;o__KI89A_clade;f__KI89A_clade,d__Bacteria;p__Desulfobacterota;c__uncultured;o__uncultured;f__uncultured,d__Bacteria;p__Dependentiae;c__Babeliae;o__Babeliales;f__Vermiphilaceae,d__Bacteria;p__Proteobacteria;c__Alphaproteobacteria;o__Rhizobiales;f__Rhizobiales_Incertae_Sedis,d__Bacteria;p__Proteobacteria;c__Gammaproteobacteria;o__Aeromonadales;f__Aeromonadaceae,d__Bacteria;p__Proteobacteria;c__Alphaproteobacteria;o__Rhizobiales;f__Beijerinckiaceae,d__Bacteria;p__Bacteroidota;c__Bacteroidia;o__Chitinophagales;f__uncultured,d__Bacteria;p__Sva0485;c__Sva0485;o__Sva0485;f__Sva0485,d__Bacteria;p__Bacteroidota;c__Bacteroidia;o__Cytophagales;f__Spirosomaceae,d__Bacteria;p__Proteobacteria;c__Gammaproteobacteria;o__MBMPE27;f__MBMPE27,d__Bacteria;p__Acidobacteriota;c__Vicinamibacteria;o__Vicinamibacterales;__,d__Bacteria;p__Actinobacteriota;c__Actinobacteria;o__Corynebacteriales;f__Mycobacteriaceae,d__Bacteria;p__Gemmatimonadota;c__S0134_terrestrial_group;o__S0134_terrestrial_group;f__S0134_terrestrial_group,d__Bacteria;p__Myxococcota;c__Polyangia;o__Nannocystales;f__Nannocystaceae,d__Bacteria;p__Bacteroidota;c__Kapabacteria;o__Kapabacteriales;f__Kapabacteriales,d__Bacteria;p__Proteobacteria;c__Gammaproteobacteria;o__Pseudomonadales;f__Moraxellaceae,d__Bacteria;p__Bacteroidota;c__Bacteroidia;o__Cytophagales;f__Cyclobacteriaceae,d__Bacteria;p__Actinobacteriota;c__Actinobacteria;o__Propionibacteriales;f__Propionibacteriaceae,d__Bacteria;p__Methylomirabilota;c__Methylomirabilia;o__Methylomirabilales;f__Methylomirabilaceae,d__Bacteria;p__Proteobacteria;c__Gammaproteobacteria;o__Burkholderiales;f__Burkholderiaceae,d__Bacteria;p__Firmicutes;c__Bacilli;o__Lactobacillales;f__Carnobacteriaceae,d__Bacteria;p__Firmicutes;c__Bacilli;o__Lactobacillales;f__Streptococcaceae,d__Bacteria;p__Proteobacteria;c__Gammaproteobacteria;o__Burkholderiales;f__Aquaspirillaceae,d__Bacteria;p__Planctomycetota;c__Planctomycetes;o__Isosphaerales;f__Isosphaeraceae,d__Bacteria;p__Bacteroidota;c__Bacteroidia;o__Cytophagales;f__Hymenobacteraceae,d__Bacteria;p__Firmicutes;c__Negativicutes;o__uncultured;f__uncultured,d__Bacteria;p__Bacteroidota;c__Bacteroidia;o__Sphingobacteriales;f__AKYH767,d__Bacteria;p__Firmicutes;c__Negativicutes;o__Veillonellales-Selenomonadales;f__uncultured,d__Bacteria;p__Proteobacteria;c__Gammaproteobacteria;o__CCD24;f__CCD24,d__Bacteria;p__Myxococcota;c__Polyangia;o__Polyangiales;f__BIrii41,d__Bacteria;p__Planctomycetota;c__Planctomycetes;o__Planctomycetales;f__uncultured,d__Bacteria;p__Proteobacteria;c__Gammaproteobacteria;o__Cellvibrionales;f__Halieaceae,d__Bacteria;p__Chloroflexi;c__Anaerolineae;o__Caldilineales;f__Caldilineaceae,d__Bacteria;p__Bacteroidota;c__Bacteroidia;o__Flavobacteriales;f__Flavobacteriaceae,d__Bacteria;p__Desulfobacterota;c__Syntrophobacteria;o__Syntrophobacterales;f__uncultured,d__Bacteria;p__Bdellovibrionota;c__Oligoflexia;o__Oligoflexales;f__Oligoflexales,d__Bacteria;p__Bacteroidota;c__Bacteroidia;o__Cytophagales;f__Microscillaceae,d__Bacteria;p__Desulfobacterota;c__Desulfobacteria;o__Desulfobacterales;f__Desulfococcaceae,d__Bacteria;p__Firmicutes;c__Negativicutes;o__Veillonellales-Selenomonadales;f__Sporomusaceae,d__Bacteria;p__Firmicutes;c__Bacilli;o__Erysipelotrichales;f__Erysipelotrichaceae,d__Bacteria;p__Chloroflexi;c__AD3;o__AD3;f__AD3,d__Bacteria;p__Proteobacteria;c__Alphaproteobacteria;o__Rhodobacterales;f__Rhodobacteraceae,d__Bacteria;p__Actinobacteriota;c__Actinobacteria;o__Frankiales;f__Sporichthyaceae,d__Bacteria;p__Firmicutes;c__Clostridia;o__Peptostreptococcales-Tissierellales;f__Anaerovoracaceae,d__Bacteria;p__Planctomycetota;c__Planctomycetes;o__Gemmatales;f__Gemmataceae,d__Bacteria;p__Fibrobacterota;c__Fibrobacteria;o__Fibrobacterales;f__Fibrobacteraceae,d__Bacteria;p__Proteobacteria;c__Gammaproteobacteria;o__Pseudomonadales;f__Pseudomonadaceae,d__Bacteria;p__Firmicutes;c__Negativicutes;o__Acidaminococcales;f__Acidaminococcaceae,d__Bacteria;p__Firmicutes;c__Syntrophomonadia;o__Syntrophomonadales;f__Syntrophomonadaceae,d__Bacteria;p__Bacteroidota;c__Chlorobia;o__Chlorobiales;f__Chlorobiaceae,d__Bacteria;p__Proteobacteria;c__Gammaproteobacteria;o__Diplorickettsiales;f__Diplorickettsiaceae,d__Bacteria;p__Proteobacteria;c__Gammaproteobacteria;o__Burkholderiales;f__TRA3-20,d__Bacteria;p__Proteobacteria;c__Alphaproteobacteria;o__Micropepsales;f__Micropepsaceae,d__Bacteria;p__Verrucomicrobiota;c__Verrucomicrobiae;o__Opitutales;f__Puniceicoccaceae,d__Bacteria;p__Proteobacteria;c__Gammaproteobacteria;o__PLTA13;f__PLTA13,d__Bacteria;p__Myxococcota;c__bacteriap25;o__bacteriap25;f__bacteriap25,d__Bacteria;p__Actinobacteriota;c__Acidimicrobiia;o__Microtrichales;__,d__Bacteria;p__Spirochaetota;c__MVP-15;o__MVP-15;f__MVP-15,d__Bacteria;p__Proteobacteria;c__Gammaproteobacteria;o__Burkholderiales;f__Chromobacteriaceae,d__Bacteria;p__Actinobacteriota;c__Acidimicrobiia;o__Microtrichales;f__Ilumatobacteraceae,d__Bacteria;p__Nitrospinota;c__P9X2b3D02;o__P9X2b3D02;f__P9X2b3D02,d__Bacteria;p__Cyanobacteria;c__Vampirivibrionia;o__Caenarcaniphilales;f__Caenarcaniphilales,d__Bacteria;p__SAR324_clade(Marine_group_B);c__SAR324_clade(Marine_group_B);o__SAR324_clade(Marine_group_B);f__SAR324_clade(Marine_group_B),d__Bacteria;p__Proteobacteria;c__Gammaproteobacteria;o__R7C24;f__R7C24,d__Bacteria;p__Latescibacterota;c__Latescibacteria;o__Latescibacterales;f__Latescibacteraceae,d__Bacteria;p__Bacteroidota;c__Bacteroidia;o__Bacteroidales;f__Rikenellaceae,d__Bacteria;p__Proteobacteria;c__Gammaproteobacteria;o__Enterobacterales;f__Yersiniaceae,d__Bacteria;p__Desulfobacterota;c__Desulfovibrionia;o__Desulfovibrionales;f__Desulfovibrionaceae,d__Bacteria;p__Bacteroidota;c__Bacteroidia;o__Bacteroidales;f__Dysgonomonadaceae,d__Bacteria;p__Firmicutes;c__Bacilli;o__Paenibacillales;f__Paenibacillaceae,d__Bacteria;p__Nitrospirota;c__Thermodesulfovibrionia;o__uncultured;f__uncultured,d__Bacteria;p__Bacteroidota;c__Bacteroidia;o__Bacteroidales;f__CR-115,d__Bacteria;p__Proteobacteria;c__Gammaproteobacteria;o__Cardiobacteriales;f__Cardiobacteriales,d__Bacteria;p__Proteobacteria;c__Gammaproteobacteria;o__Burkholderiales;f__B1-7BS,d__Bacteria;p__Actinobacteriota;c__Actinobacteria;o__Kineosporiales;f__Kineosporiaceae,d__Bacteria;p__Methylomirabilota;c__Methylomirabilia;o__Rokubacteriales;f__Rokubacteriales,d__Bacteria;p__Fusobacteriota;c__Fusobacteriia;o__Fusobacteriales;f__Fusobacteriaceae,d__Bacteria;p__Bacteroidota;c__Bacteroidia;o__Bacteroidales;f__Bacteroidetes_BD2-2,d__Bacteria;p__Actinobacteriota;c__Actinobacteria;o__Frankiales;f__Nakamurellaceae,d__Bacteria;p__Firmicutes;c__Negativicutes;o__Veillonellales-Selenomonadales;__,d__Bacteria;p__Proteobacteria;c__Gammaproteobacteria;o__Arenicellales;f__Arenicellaceae,d__Bacteria;p__Actinobacteriota;c__Acidimicrobiia;o__Microtrichales;f__uncultured,d__Bacteria;p__Caldisericota;c__Caldisericia;o__Caldisericales;f__Caldisericaceae,d__Bacteria;p__Actinobacteriota;c__Acidimicrobiia;o__uncultured;f__uncultured,d__Bacteria;p__Proteobacteria;c__Gammaproteobacteria;o__Legionellales;f__Legionellaceae,d__Bacteria;p__Cloacimonadota;c__Cloacimonadia;o__Cloacimonadales;f__Cloacimonadales,d__Bacteria;p__Bacteroidota;c__Bacteroidia;o__Sphingobacteriales;f__Z4MB62,d__Bacteria;p__Proteobacteria;c__Gammaproteobacteria;o__Run-SP154;f__Run-SP154,d__Bacteria;p__Bacteroidota;c__Ignavibacteria;o__Ignavibacteriales;f__LD-RB-34,d__Bacteria;p__Verrucomicrobiota;c__Kiritimatiellae;o__WCHB1-41;f__WCHB1-41,d__Bacteria;p__Planctomycetota;c__Planctomycetes;o__Planctomycetales;f__Schlesneriaceae,d__Bacteria;p__Firmicutes;c__Bacilli;o__Thermoactinomycetales;f__Thermoactinomycetaceae,d__Bacteria;p__Actinobacteriota;c__Actinobacteria;o__Frankiales;f__Frankiales,d__Bacteria;p__Planctomycetota;c__Planctomycetes;o__Planctomycetales;f__Rubinisphaeraceae,d__Bacteria;p__Proteobacteria;c__Gammaproteobacteria;o__SZB30;f__SZB30,d__Bacteria;p__Proteobacteria;c__Gammaproteobacteria;o__Competibacterales;f__Competibacteraceae,d__Bacteria;p__Verrucomicrobiota;c__Verrucomicrobiae;o__Chthoniobacterales;f__Xiphinematobacteraceae,d__Bacteria;p__Proteobacteria;c__Gammaproteobacteria;o__Acidiferrobacterales;f__Acidiferrobacteraceae,d__Bacteria;p__Acidobacteriota;c__Acidobacteriae;o__Acidobacteriales;f__uncultured,d__Bacteria;p__Bdellovibrionota;c__Oligoflexia;o__0319-6G20;f__0319-6G20,d__Bacteria;p__Spirochaetota;c__Leptospirae;o__Leptospirales;f__Leptospiraceae,d__Bacteria;p__Firmicutes;c__Desulfitobacteriia;o__Desulfitobacteriales;f__Desulfitobacteriaceae,d__Bacteria;p__Proteobacteria;c__Alphaproteobacteria;o__uncultured;f__uncultured,d__Bacteria;p__Acidobacteriota;c__Acidobacteriae;o__Subgroup_13;f__Subgroup_13,d__Bacteria;p__Acidobacteriota;c__Acidobacteriae;o__Solibacterales;f__Solibacteraceae,d__Bacteria;p__Desulfobacterota;c__Desulfobacteria;o__Desulfobacterales;f__Desulfobacterales,d__Bacteria;p__Campilobacterota;c__Campylobacteria;o__Campylobacterales;f__Sulfurimonadaceae,d__Bacteria;p__Desulfobacterota;c__Desulfobulbia;o__Desulfobulbales;f__Desulfurivibrionaceae,d__Bacteria;p__Bacteroidota;c__Bacteroidia;o__Bacteroidales;__,d__Bacteria;p__Bacteroidota;c__Bacteroidia;o__Bacteroidales;f__Marinilabiliaceae,d__Bacteria;p__Bacteroidota;c__Bacteroidia;o__Bacteroidales;f__Rs-E47_termite_group,d__Bacteria;p__Chloroflexi;c__Dehalococcoidia;o__Dehalococcoidales;f__uncultured,d__Bacteria;p__Firmicutes;c__Bacilli;o__Erysipelotrichales;f__Erysipelatoclostridiaceae,d__Bacteria;p__Bacteroidota;c__Bacteroidia;o__Bacteroidales;f__Barnesiellaceae,d__Bacteria;p__Myxococcota;c__Polyangia;o__Blfdi19;f__Blfdi19
Sed_S10,111.0,128.0,122.0,101.0,84.0,44.0,42.0,52.0,240.0,57.0,152.0,32.0,42.0,79.0,123.0,21.0,81.0,39.0,65.0,63.0,17.0,16.0,26.0,49.0,26.0,27.0,15.0,43.0,26.0,42.0,17.0,13.0,35.0,13.0,52.0,16.0,12.0,12.0,11.0,11.0,11.0,33.0,23.0,11.0,11.0,17.0,11.0,20.0,16.0,14.0,18.0,14.0,12.0,10.0,20.0,35.0,10.0,8.0,8.0,9.0,6.0,8.0,6.0,6.0,5.0,5.0,4.0,3.0,2.0,4.0,2.0,2.0,2.0,2.0,1.0,1.0,0.0,0.0,0.0,0.0,0.0,0.0,0.0,0.0,0.0,0.0,0.0,0.0,0.0,0.0,0.0,0.0,0.0,0.0,0.0,,,,,,,,,,,,,,,,,,,,,,,,,,,,,,,,,,,,,,,,,,,,,,,,,,,,,,,,,,,,,,,,,,,,,,,,,,,,,,,,,,,,,,,,,,,,,,,,,,,,,,,,,,,,,,,,,,,,,,,,,,,,,,,,,,,,
Sed_S10,18.0,150.0,10.0,129.0,0.0,0.0,30.0,32.0,14.0,0.0,142.0,6.0,74.0,49.0,93.0,11.0,131.0,232.0,165.0,18.0,5.0,0.0,45.0,41.0,206.0,37.0,0.0,76.0,12.0,3.0,45.0,22.0,88.0,12.0,32.0,64.0,0.0,0.0,34.0,15.0,8.0,107.0,174.0,0.0,0.0,8.0,4.0,185.0,11.0,13.0,47.0,8.0,13.0,0.0,11.0,103.0,0.0,4.0,96.0,107.0,10.0,14.0,33.0,7.0,55.0,32.0,25.0,8.0,9.0,174.0,8.0,8.0,10.0,20.0,31.0,37.0,75.0,36.0,94.0,54.0,19.0,28.0,18.0,17.0,17.0,30.0,15.0,14.0,34.0,21.0,11.0,11.0,10.0,10.0,10.0,,,,,,,,,,,,,,,,,,,,,,,,,,,,,,,,,,,,,,,,,,,,,,,,,,,,,,,,,,,,,,,,,,,,,,,,,,,,,,,,,,,,,,,,,,,,,,,,,,,,,,,,,,,,,,,,,,,,,,,,,,,,,,,,,,,,
Sed_S11,81.0,21.0,29.0,90.0,,8.0,10.0,,36.0,60.0,279.0,,12.0,95.0,55.0,,121.0,28.0,4.0,44.0,11.0,0.0,56.0,36.0,33.0,11.0,19.0,10.0,,0.0,,34.0,31.0,36.0,58.0,18.0,11.0,,14.0,11.0,10.0,20.0,14.0,11.0,,0.0,53.0,,6.0,,,26.0,10.0,,12.0,20.0,32.0,16.0,46.0,14.0,23.0,28.0,0.0,,,5.0,2.0,,,,0.0,,12.0,0.0,,,0.0,,4.0,0.0,3.0,,,,,0.0,0.0,,1.0,55.0,,0.0,,6.0,,83.0,21.0,16.0,14.0,14.0,13.0,10.0,10.0,2.0,0.0,0.0,0.0,0.0,0.0,0.0,0.0,0.0,0.0,0.0,,,,,,,,,,,,,,,,,,,,,,,,,,,,,,,,,,,,,,,,,,,,,,,,,,,,,,,,,,,,,,,,,,,,,,,,,,,,,,,,,,,,,,,,,,,,,,,,,,,,,,,,,,,,,,,,,
Sed_S11,3.0,13.0,18.0,3.0,,3.0,18.0,,0.0,42.0,115.0,,0.0,42.0,17.0,,94.0,67.0,30.0,4.0,0.0,10.0,21.0,5.0,62.0,0.0,3.0,25.0,,13.0,,133.0,21.0,5.0,4.0,38.0,0.0,,13.0,0.0,33.0,59.0,115.0,0.0,,10.0,40.0,,58.0,,,0.0,76.0,,16.0,38.0,0.0,41.0,16.0,50.0,2.0,39.0,10.0,,,6.0,45.0,,,,12.0,,0.0,62.0,,,15.0,,31.0,53.0,11.0,,,,,23.0,15.0,,28.0,0.0,,12.0,,15.0,,0.0,0.0,0.0,0.0,0.0,0.0,0.0,0.0,83.0,15.0,14.0,12.0,35.0,12.0,12.0,11.0,11.0,10.0,10.0,,,,,,,,,,,,,,,,,,,,,,,,,,,,,,,,,,,,,,,,,,,,,,,,,,,,,,,,,,,,,,,,,,,,,,,,,,,,,,,,,,,,,,,,,,,,,,,,,,,,,,,,,,,,,,,,,
Sed_S12,171.0,67.0,109.0,76.0,23.0,31.0,,1.0,352.0,49.0,213.0,10.0,37.0,113.0,138.0,,104.0,50.0,32.0,109.0,15.0,,56.0,7.0,55.0,15.0,14.0,12.0,8.0,31.0,15.0,23.0,19.0,45.0,104.0,24.0,11.0,,16.0,15.0,12.0,13.0,20.0,7.0,,15.0,24.0,11.0,5.0,,5.0,40.0,3.0,53.0,0.0,96.0,33.0,,36.0,21.0,6.0,32.0,0.0,,10.0,14.0,0.0,9.0,,8.0,0.0,,9.0,0.0,,,0.0,,0.0,0.0,,2.0,3.0,,4.0,6.0,,,0.0,9.0,27.0,15.0,,,,11.0,13.0,,,0.0,,2.0,,,,,,0.0,7.0,8.0,,,,,14.0,12.0,12.0,11.0,10.0,7.0,3.0,1.0,0.0,0.0,0.0,,,,,,,,,,,,,,,,,,,,,,,,,,,,,,,,,,,,,,,,,,,,,,,,,,,,,,,,,,,,,,,,,,,,,,,,,,,,,,,,,,,,,,,,,,,,,,,,,,,,,,
Sed_S12,47.0,88.0,24.0,42.0,0.0,2.0,,9.0,250.0,57.0,249.0,0.0,43.0,78.0,141.0,,58.0,152.0,98.0,82.0,0.0,,75.0,3.0,159.0,14.0,0.0,45.0,28.0,65.0,43.0,97.0,42.0,40.0,81.0,13.0,14.0,,31.0,0.0,13.0,70.0,37.0,9.0,,66.0,140.0,0.0,13.0,,7.0,0.0,154.0,0.0,20.0,149.0,30.0,,42.0,86.0,33.0,51.0,28.0,,10.0,33.0,26.0,9.0,,36.0,14.0,,22.0,59.0,,,65.0,,10.0,43.0,,44.0,42.0,,65.0,5.0,,,11.0,32.0,9.0,0.0,,,,0.0,0.0,,,12.0,,24.0,,,,,,10.0,54.0,10.0,,,,,0.0,0.0,0.0,26.0,4.0,4.0,10.0,12.0,17.0,17.0,10.0,,,,,,,,,,,,,,,,,,,,,,,,,,,,,,,,,,,,,,,,,,,,,,,,,,,,,,,,,,,,,,,,,,,,,,,,,,,,,,,,,,,,,,,,,,,,,,,,,,,,,,
Sed_S13,64.0,185.0,0.0,74.0,11.0,19.0,60.0,11.0,93.0,14.0,205.0,,18.0,98.0,131.0,15.0,143.0,185.0,244.0,33.0,0.0,,42.0,25.0,321.0,18.0,0.0,30.0,4.0,,66.0,50.0,109.0,21.0,59.0,49.0,0.0,0.0,76.0,16.0,,256.0,36.0,8.0,,16.0,0.0,25.0,,,,0.0,13.0,,6.0,101.0,16.0,,155.0,104.0,8.0,87.0,26.0,3.0,43.0,34.0,,10.0,,62.0,4.0,,9.0,,11.0,10.0,11.0,,24.0,,15.0,38.0,78.0,12.0,63.0,10.0,,32.0,,100.0,,11.0,,,,,,,10.0,14.0,,12.0,,,,,6.0,,54.0,1.0,,0.0,,,,,0.0,,,,,,,14.0,,13.0,13.0,12.0,10.0,7.0,5.0,3.0,0.0,0.0,0.0,0.0,,,,,,,,,,,,,,,,,,,,,,,,,,,,,,,,,,,,,,,,,,,,,,,,,,,,,,,,,,,,,,,,,,,,,,,,,,,,,,,,,,,,,,,,,,,
Sed_S13,140.0,113.0,374.0,67.0,3.0,86.0,0.0,4.0,232.0,20.0,290.0,,26.0,92.0,122.0,0.0,182.0,66.0,62.0,101.0,54.0,,36.0,30.0,87.0,11.0,10.0,56.0,10.0,,24.0,37.0,82.0,44.0,75.0,30.0,12.0,12.0,28.0,12.0,,52.0,11.0,37.0,,11.0,14.0,5.0,,,,31.0,11.0,,15.0,72.0,27.0,,98.0,35.0,44.0,19.0,8.0,7.0,8.0,6.0,,25.0,,2.0,6.0,,21.0,,0.0,0.0,0.0,,0.0,,0.0,0.0,40.0,1.0,20.0,0.0,,24.0,,66.0,,12.0,,,,,,,58.0,31.0,,30.0,,,,,4.0,,0.0,42.0,,12.0,,,,,71.0,,,,,,,6.0,,4.0,0.0,0.0,8.0,4.0,5.0,7.0,212.0,125.0,34.0,11.0,,,,,,,,,,,,,,,,,,,,,,,,,,,,,,,,,,,,,,,,,,,,,,,,,,,,,,,,,,,,,,,,,,,,,,,,,,,,,,,,,,,,,,,,,,,
Sed_S14,35.0,69.0,15.0,3.0,0.0,0.0,41.0,7.0,8.0,21.0,61.0,0.0,28.0,133.0,75.0,0.0,159.0,111.0,170.0,9.0,3.0,,11.0,0.0,167.0,13.0,0.0,10.0,0.0,1.0,21.0,127.0,30.0,23.0,28.0,45.0,9.0,0.0,31.0,0.0,,205.0,93.0,,,35.0,38.0,0.0,116.0,12.0,3.0,3.0,72.0,0.0,0.0,81.0,0.0,,76.0,56.0,8.0,29.0,25.0,,25.0,60.0,11.0,5.0,,15.0,13.0,,3.0,17.0,,2.0,67.0,,24.0,30.0,,27.0,36.0,,,,,,,,0.0,,,24.0,10.0,1.0,,,0.0,3.0,,0.0,,19.0,,,,,11.0,1.0,,3.0,,,,,0.0,14.0,,2.0,,,,18.0,,,7.0,,0.0,,0.0,,,,,7.0,13.0,11.0,11.0,11.0,10.0,10.0,6.0,4.0,0.0,0.0,0.0,0.0,0.0,0.0,,,,,,,,,,,,,,,,,,,,,,,,,,,,,,,,,,,,,,,,,,,,,,,,,,,,,,,,,,,,,,,,,,,,,,,,,,,,,
Sed_S14,181.0,220.0,249.0,47.0,23.0,42.0,40.0,4.0,292.0,79.0,279.0,110.0,53.0,184.0,184.0,10.0,97.0,95.0,68.0,203.0,10.0,,88.0,11.0,31.0,24.0,18.0,28.0,33.0,62.0,73.0,28.0,10.0,126.0,114.0,11.0,28.0,10.0,11.0,31.0,,29.0,19.0,,,62.0,59.0,53.0,10.0,5.0,7.0,29.0,15.0,17.0,53.0,108.0,15.0,,57.0,79.0,21.0,23.0,1.0,,9.0,3.0,32.0,27.0,,32.0,0.0,,11.0,2.0,,9.0,0.0,,0.0,0.0,,9.0,0.0,,,,,,,,34.0,,,4.0,7.0,28.0,,,88.0,24.0,,14.0,,2.0,,,,,8.0,21.0,,12.0,,,,,25.0,52.0,,12.0,,,,7.0,,,8.0,,36.0,,12.0,,,,,3.0,0.0,0.0,0.0,0.0,0.0,0.0,8.0,8.0,17.0,15.0,12.0,10.0,10.0,10.0,,,,,,,,,,,,,,,,,,,,,,,,,,,,,,,,,,,,,,,,,,,,,,,,,,,,,,,,,,,,,,,,,,,,,,,,,,,,,
Sed_S15,164.0,100.0,381.0,33.0,,49.0,1.0,0.0,50.0,91.0,164.0,17.0,82.0,67.0,156.0,0.0,101.0,55.0,23.0,279.0,34.0,,75.0,21.0,79.0,43.0,11.0,0.0,,22.0,0.0,11.0,35.0,103.0,128.0,18.0,10.0,,32.0,13.0,10.0,16.0,17.0,,,47.0,8.0,10.0,19.0,0.0,0.0,24.0,11.0,55.0,22.0,83.0,18.0,2.0,31.0,21.0,50.0,60.0,0.0,,,0.0,11.0,9.0,11.0,5.0,10.0,0.0,12.0,1.0,,,10.0,,16.0,0.0,0.0,1.0,0.0,8.0,12.0,0.0,,,,26.0,8.0,,,0.0,,,,10.0,,16.0,,19.0,,,,,,0.0,0.0,11.0,,,,1.0,,11.0,,23.0,,0.0,,,10.0,,0.0,10.0,,,16.0,,,,,,,,0.0,,,,,,,,,,,,,11.0,2.0,1.0,0.0,,,,,,,,,,,,,,,,,,,,,,,,,,,,,,,,,,,,,,,,,,,,,,,,,,,,,,,,,,,,,,,,,,,,,,,,,,
Sed_S15,13.0,96.0,13.0,13.0,,2.0,37.0,31.0,2.0,8.0,80.0,0.0,25.0,175.0,50.0,11.0,262.0,128.0,142.0,19.0,0.0,,12.0,0.0,157.0,0.0,0.0,11.0,,0.0,32.0,96.0,31.0,15.0,11.0,22.0,5.0,,0.0,0.0,0.0,236.0,106.0,,,50.0,3.0,0.0,114.0,10.0,11.0,0.0,100.0,1.0,22.0,113.0,0.0,17.0,40.0,91.0,0.0,72.0,54.0,,,68.0,20.0,1.0,0.0,8.0,0.0,12.0,0.0,22.0,,,27.0,,21.0,92.0,12.0,23.0,26.0,19.0,30.0,32.0,,,,0.0,3.0,,,32.0,,,,0.0,,0.0,,31.0,,,,,,27.0,13.0,0.0,,,,9.0,,2.0,,9.0,,14.0,,,0.0,,22.0,0.0,,,0.0,,,,,,,,68.0,,,,,,,,,,,,,0.0,24.0,11.0,12.0,,,,,,,,,,,,,,,,,,,,,,,,,,,,,,,,,,,,,,,,,,,,,,,,,,,,,,,,,,,,,,,,,,,,,,,,,,
Sed_S16,18.0,42.0,29.0,3.0,1.0,0.0,,6.0,12.0,7.0,147.0,,9.0,52.0,72.0,,75.0,134.0,106.0,4.0,,,21.0,0.0,243.0,,,4.0,100.0,,15.0,32.0,13.0,3.0,9.0,32.0,0.0,,26.0,6.0,,108.0,62.0,,,18.0,27.0,,20.0,,,11.0,19.0,2.0,1.0,101.0,0.0,4.0,34.0,60.0,,54.0,23.0,,,13.0,14.0,6.0,,,,,4.0,10.0,,,15.0,,,,,11.0,21.0,11.0,19.0,,,,,14.0,,,,20.0,,,,,,,,0.0,,,,,,,,,,0.0,,,,,,0.0,,,,,,15.0,,,,,4.0,,,,,,,5.0,,,,,,,,0.0,,,,,,,,,,29.0,6.0,,,,,,,,,,,,,,,,,,,,,,,,,,,,,,,,,,,,,,,,,,,,,,,,,,,,,,,,,,,,,,,,,,,,,,,,
Sed_S16,99.0,77.0,464.0,26.0,10.0,13.0,,5.0,10.0,23.0,195.0,,35.0,116.0,247.0,,148.0,34.0,37.0,118.0,,,35.0,24.0,95.0,,,42.0,28.0,,20.0,8.0,0.0,54.0,29.0,24.0,11.0,,29.0,4.0,,10.0,0.0,,,19.0,10.0,,7.0,,,12.0,10.0,24.0,21.0,140.0,35.0,9.0,64.0,28.0,,19.0,0.0,,,2.0,0.0,39.0,,,,,19.0,0.0,,,10.0,,,,,7.0,0.0,2.0,6.0,,,,,13.0,,,,2.0,,,,,,,,31.0,,,,,,,,,,30.0,,,,,,20.0,,,,,,6.0,,,,,11.0,,,,,,,9.0,,,,,,,,10.0,,,,,,,,,,3.0,4.0,,,,,,,,,,,,,,,,,,,,,,,,,,,,,,,,,,,,,,,,,,,,,,,,,,,,,,,,,,,,,,,,,,,,,,,,
Sed_S17,92.0,119.0,1166.0,,61.0,,4.0,,60.0,21.0,63.0,,35.0,12.0,185.0,,44.0,29.0,11.0,0.0,,,28.0,10.0,0.0,18.0,,41.0,,32.0,12.0,4.0,11.0,86.0,,5.0,,,,,10.0,3.0,,,,3.0,,14.0,,,,,0.0,,,53.0,,,,,,11.0,,,,,0.0,46.0,,,,,,,,,0.0,,,,,,,,,7.0,,91.0,,,,,,0.0,,,,,,,,,,,,,,,,14.0,,17.0,,,,,122.0,12.0,,,,,,,,,,,21.0,28.0,,,253.0,197.0,495.0,,,,,,,,,11.0,,,,,,,,,,10.0,,12.0,12.0,12.0,10.0,10.0,,,,,,,,,,,,,,,,,,,,,,,,,,,,,,,,,,,,,,,,,,,,,,,,,,,,,,,,,,,,,,,,,,,
Sed_S17,5.0,5.0,7.0,,1.0,,6.0,,3.0,1.0,4.0,,2.0,0.0,6.0,,3.0,21.0,0.0,10.0,,,0.0,0.0,60.0,0.0,,0.0,,0.0,0.0,8.0,0.0,0.0,,22.0,,,,,0.0,37.0,,,,8.0,,0.0,,,,,15.0,,,4.0,,,,,,11.0,,,,,15.0,0.0,,,,,,,,,10.0,,,,,,,,,3.0,,0.0,,,,,,10.0,,,,,,,,,,,,,,,,0.0,,4.0,,,,,0.0,8.0,,,,,,,,,,,0.0,0.0,,,0.0,0.0,0.0,,,,,,,,,0.0,,,,,,,,,,0.0,,0.0,0.0,0.0,0.0,0.0,,,,,,,,,,,,,,,,,,,,,,,,,,,,,,,,,,,,,,,,,,,,,,,,,,,,,,,,,,,,,,,,,,,
Sed_S18,47.0,3.0,274.0,54.0,13.0,,2.0,0.0,271.0,28.0,83.0,13.0,31.0,13.0,34.0,2.0,25.0,15.0,1.0,2.0,0.0,0.0,25.0,,30.0,10.0,,0.0,5.0,0.0,4.0,0.0,18.0,27.0,0.0,12.0,0.0,,28.0,,0.0,0.0,0.0,,,3.0,9.0,,,,3.0,11.0,1.0,5.0,0.0,18.0,9.0,0.0,,9.0,,0.0,0.0,,,0.0,,,,,0.0,,1.0,2.0,0.0,,0.0,,0.0,0.0,,,,,,0.0,0.0,13.0,2.0,,,3.0,,,,,,,,,,11.0,,,,0.0,,0.0,,0.0,,,,,,,,0.0,,,,,,0.0,0.0,,,,,,,,,,,0.0,,,,,,0.0,,,,33.0,,,,,0.0,,,,,,,,,,7.0,0.0,0.0,0.0,0.0,0.0,,,,,,,,,,,,,,,,,,,,,,,,,,,,,,,,,,,,,,,,,,,,,,,,,,,,,,,,,,,,,
Sed_S18,0.0,212.0,62.0,39.0,20.0,,39.0,10.0,0.0,67.0,283.0,0.0,67.0,159.0,17.0,40.0,213.0,209.0,214.0,69.0,12.0,12.0,37.0,,107.0,0.0,,71.0,6.0,47.0,63.0,246.0,9.0,27.0,54.0,25.0,36.0,,41.0,,43.0,125.0,541.0,,,37.0,76.0,,,,8.0,0.0,147.0,5.0,37.0,195.0,6.0,36.0,,54.0,,66.0,23.0,,,26.0,,,,,40.0,,20.0,91.0,27.0,,75.0,,78.0,47.0,,,,,,14.0,13.0,0.0,19.0,,,79.0,,,,,,,,,,20.0,,,,22.0,,34.0,,91.0,,,,,,,,26.0,,,,,,12.0,22.0,,,,,,,,,,,13.0,,,,,,13.0,,,,0.0,,,,,51.0,,,,,,,,,,8.0,23.0,15.0,12.0,11.0,10.0,,,,,,,,,,,,,,,,,,,,,,,,,,,,,,,,,,,,,,,,,,,,,,,,,,,,,,,,,,,,,
Sed_S19,165.0,24.0,89.0,42.0,0.0,2.0,,,193.0,23.0,51.0,,56.0,33.0,116.0,,56.0,80.0,56.0,31.0,,,38.0,,15.0,20.0,,0.0,,,7.0,,12.0,,10.0,17.0,,,1.0,,,33.0,21.0,,,,3.0,,5.0,,5.0,10.0,11.0,21.0,,31.0,22.0,,28.0,9.0,,7.0,6.0,,0.0,1.0,0.0,8.0,,0.0,,,,,,0.0,,,1.0,,,5.0,0.0,,,1.0,,,,5.0,2.0,,,,,,,,,,,,,,,,,,,8.0,,,,,,,18.0,13.0,,,,,,0.0,,,,,12.0,,,,,,,,,,,,,,,,,,,0.0,4.0,,,,,,,,,,,,,,,,,,0.0,,,,,,,,,,,,,,,,,,,,,,,,,,,,,,,,,,,,,,,,,,,,,,,,,,,,,,,,,,,,
Sed_S19,96.0,50.0,19.0,77.0,14.0,14.0,,,0.0,16.0,67.0,,57.0,25.0,118.0,,36.0,129.0,39.0,13.0,,,1.0,,49.0,36.0,,10.0,,,10.0,,29.0,,13.0,35.0,,,10.0,,,53.0,79.0,,,,10.0,,13.0,,12.0,0.0,15.0,7.0,,42.0,7.0,,13.0,68.0,,30.0,7.0,,17.0,9.0,17.0,12.0,,29.0,,,,,,10.0,,,13.0,,,8.0,14.0,,,9.0,,,,9.0,8.0,,,,,,,,,,,,,,,,,,,5.0,,,,,,,0.0,6.0,,,,,,12.0,,,,,17.0,,,,,,,,,,,,,,,,,,,24.0,12.0,,,,,,,,,,,,,,,,,,11.0,,,,,,,,,,,,,,,,,,,,,,,,,,,,,,,,,,,,,,,,,,,,,,,,,,,,,,,,,,,,
Sed_S20,60.0,25.0,52.0,21.0,0.0,0.0,,,4.0,39.0,83.0,,12.0,43.0,75.0,,58.0,42.0,26.0,36.0,0.0,,37.0,10.0,72.0,24.0,10.0,0.0,9.0,18.0,,57.0,17.0,33.0,15.0,10.0,10.0,8.0,43.0,12.0,,30.0,92.0,,,26.0,22.0,,47.0,,,1.0,37.0,0.0,10.0,76.0,14.0,,17.0,26.0,,60.0,10.0,0.0,,30.0,11.0,5.0,,,14.0,,0.0,,12.0,,12.0,,14.0,,,,,12.0,0.0,13.0,,,10.0,4.0,,,,,,,3.0,,,0.0,,3.0,0.0,,,,,,12.0,4.0,,4.0,,,,,,11.0,,,,,,,,,,,4.0,,,,,,,,,,,,,,,,,,,,,,,,,,,,,,,,,,0.0,,,,,2.0,,,,,,,,,,,,,,,,,,,,,,,,,,,,,,,,,,,,,,,,,,,,,,,,,,,,,,,,,,,
Sed_S20,115.0,62.0,294.0,118.0,10.0,57.0,,,72.0,55.0,163.0,,37.0,77.0,188.0,,129.0,16.0,34.0,25.0,11.0,,48.0,20.0,67.0,33.0,0.0,11.0,5.0,28.0,,20.0,30.0,54.0,30.0,34.0,0.0,12.0,39.0,10.0,,5.0,5.0,,,13.0,1.0,,12.0,,,85.0,16.0,10.0,12.0,135.0,53.0,,35.0,12.0,,11.0,0.0,14.0,,6.0,0.0,26.0,,,0.0,,25.0,,0.0,,0.0,,0.0,,,,,6.0,12.0,10.0,,,0.0,9.0,,,,,,,18.0,,,36.0,,24.0,10.0,,,,,,12.0,14.0,,21.0,,,,,,16.0,,,,,,,,,,,25.0,,,,,,,,,,,,,,,,,,,,,,,,,,,,,,,,,,11.0,,,,,9.0,,,,,,,,,,,,,,,,,,,,,,,,,,,,,,,,,,,,,,,,,,,,,,,,,,,,,,,,,,,
Sed_S21,104.0,134.0,19.0,118.0,,5.0,12.0,11.0,141.0,37.0,92.0,12.0,22.0,51.0,127.0,19.0,112.0,154.0,136.0,35.0,4.0,,39.0,44.0,368.0,32.0,,42.0,1.0,17.0,33.0,67.0,26.0,16.0,18.0,74.0,,,25.0,,,119.0,103.0,,,85.0,9.0,56.0,4.0,,,7.0,6.0,2.0,,209.0,9.0,,82.0,53.0,53.0,56.0,245.0,,,48.0,13.0,0.0,,6.0,16.0,,13.0,,10.0,,26.0,,12.0,10.0,,11.0,27.0,21.0,0.0,10.0,10.0,0.0,,0.0,,15.0,,,,,0.0,0.0,0.0,0.0,,33.0,,,,11.0,,,8.0,0.0,,0.0,,,,,,23.0,,,,,,,,,8.0,,10.0,,,,,,,0.0,,,,,,,,,,,,,2.0,,,2.0,,,,,,,,,,,,15.0,,,,,10.0,0.0,0.0,,,,,,,,,,,,,,,,,,,,,,,,,,,,,,,,,,,,,,,,,,,,,,,,,,,,,,,,
Sed_S21,225.0,70.0,164.0,61.0,,45.0,0.0,17.0,311.0,56.0,257.0,27.0,79.0,58.0,259.0,5.0,247.0,52.0,73.0,83.0,16.0,,51.0,39.0,97.0,8.0,,77.0,10.0,28.0,33.0,18.0,36.0,32.0,94.0,48.0,,,24.0,,,49.0,25.0,,,30.0,15.0,25.0,8.0,,,46.0,18.0,27.0,,135.0,41.0,,92.0,27.0,4.0,47.0,10.0,,,0.0,0.0,27.0,,8.0,7.0,,16.0,,0.0,,0.0,,11.0,1.0,,0.0,8.0,0.0,29.0,16.0,0.0,13.0,,23.0,,0.0,,,,,20.0,13.0,16.0,24.0,,34.0,,,,0.0,,,3.0,11.0,,14.0,,,,,,11.0,,,,,,,,,5.0,,16.0,,,,,,,10.0,,,,,,,,,,,,,11.0,,,9.0,,,,,,,,,,,,3.0,,,,,0.0,11.0,10.0,,,,,,,,,,,,,,,,,,,,,,,,,,,,,,,,,,,,,,,,,,,,,,,,,,,,,,,,
Sed_S22,154.0,99.0,445.0,81.0,4.0,25.0,22.0,7.0,406.0,52.0,276.0,10.0,48.0,82.0,241.0,0.0,152.0,101.0,61.0,118.0,3.0,,76.0,24.0,86.0,32.0,,36.0,,41.0,40.0,30.0,49.0,60.0,141.0,50.0,0.0,,27.0,,,21.0,19.0,,,38.0,53.0,,12.0,0.0,0.0,48.0,15.0,16.0,11.0,209.0,48.0,6.0,64.0,43.0,,34.0,13.0,11.0,0.0,10.0,6.0,46.0,,4.0,0.0,0.0,18.0,,3.0,11.0,0.0,,13.0,,,6.0,,0.0,,40.0,,,,68.0,0.0,2.0,,,,14.0,6.0,,14.0,11.0,,55.0,,0.0,,,0.0,,30.0,23.0,0.0,17.0,,,,,,34.0,,,,0.0,,,,,0.0,,30.0,,,,,,,,,,,,0.0,,5.0,,6.0,13.0,,,0.0,,0.0,,,20.0,,,,,,,,,,0.0,,,2.0,,0.0,,,12.0,10.0,10.0,5.0,4.0,3.0,0.0,0.0,0.0,0.0,0.0,0.0,0.0,0.0,,,,,,,,,,,,,,,,,,,,,,,,,,,,,,,,,,,,,,,,,,
Sed_S22,107.0,248.0,84.0,116.0,7.0,19.0,36.0,18.0,0.0,35.0,174.0,0.0,68.0,95.0,123.0,21.0,189.0,121.0,65.0,140.0,8.0,,33.0,15.0,84.0,35.0,,43.0,,33.0,82.0,149.0,75.0,68.0,62.0,99.0,12.0,,33.0,,,79.0,80.0,,,41.0,47.0,,313.0,34.0,86.0,13.0,122.0,1.0,39.0,182.0,34.0,5.0,284.0,155.0,,199.0,29.0,0.0,51.0,31.0,43.0,31.0,,8.0,39.0,10.0,22.0,,9.0,15.0,56.0,,18.0,,,5.0,,11.0,,20.0,,,,8.0,12.0,8.0,,,,0.0,9.0,,3.0,19.0,,26.0,,14.0,,,120.0,,19.0,17.0,25.0,0.0,,,,,,66.0,,,,18.0,,,,,11.0,,18.0,,,,,,,,,,,,10.0,,8.0,,5.0,12.0,,,13.0,,25.0,,,0.0,,,,,,,,,,22.0,,,52.0,,11.0,,,0.0,0.0,0.0,7.0,13.0,9.0,60.0,24.0,43.0,20.0,15.0,12.0,11.0,11.0,,,,,,,,,,,,,,,,,,,,,,,,,,,,,,,,,,,,,,,,,,
Sed_S23,66.0,4.0,24.0,26.0,,,,,14.0,46.0,148.0,,37.0,30.0,88.0,12.0,69.0,147.0,52.0,30.0,3.0,,14.0,12.0,169.0,31.0,0.0,29.0,12.0,10.0,63.0,38.0,34.0,10.0,11.0,37.0,20.0,,33.0,,,101.0,153.0,5.0,,10.0,23.0,,15.0,0.0,,0.0,10.0,12.0,4.0,99.0,0.0,,11.0,86.0,0.0,51.0,11.0,,28.0,33.0,,3.0,,31.0,26.0,,0.0,,,18.0,0.0,,6.0,,,15.0,,0.0,18.0,,,10.0,11.0,3.0,4.0,,,,,0.0,0.0,,0.0,,,16.0,,,,,,,,1.0,,0.0,,,,,,,,13.0,,,7.0,4.0,,0.0,,,0.0,,1.0,,,,,,,,,,,12.0,,,,,,,,,,,,,,,,,,,2.0,,,,,,,,,,,,,,,,,,,,,,,,,,,,,,,,,,,,,,,,,,,,,,,,,,,,,,,,,,,,,,,,,,
Sed_S23,130.0,34.0,169.0,62.0,,,,,73.0,68.0,204.0,,19.0,91.0,206.0,0.0,182.0,41.0,54.0,144.0,18.0,,51.0,24.0,60.0,17.0,23.0,21.0,0.0,12.0,44.0,30.0,20.0,20.0,10.0,43.0,20.0,,68.0,,,14.0,2.0,5.0,,26.0,44.0,,0.0,21.0,,65.0,34.0,44.0,6.0,117.0,37.0,,72.0,31.0,11.0,5.0,6.0,,6.0,1.0,,25.0,,0.0,10.0,,35.0,,,2.0,16.0,,8.0,,,5.0,,10.0,36.0,,,0.0,0.0,79.0,7.0,,,,,10.0,13.0,,10.0,,,39.0,,,,,,,,12.0,,12.0,,,,,,,,14.0,,,3.0,10.0,,10.0,,,12.0,,9.0,,,,,,,,,,,0.0,,,,,,,,,,,,,,,,,,,12.0,,,,,,,,,,,,,,,,,,,,,,,,,,,,,,,,,,,,,,,,,,,,,,,,,,,,,,,,,,,,,,,,,,
Sed_S24,13.0,104.0,10.0,41.0,14.0,,113.0,,2.0,0.0,261.0,,57.0,67.0,36.0,42.0,215.0,267.0,351.0,0.0,,,7.0,27.0,397.0,16.0,0.0,248.0,,,32.0,173.0,95.0,18.0,13.0,99.0,,,41.0,2.0,,260.0,76.0,,,,0.0,,29.0,0.0,,0.0,12.0,,,9.0,0.0,,133.0,181.0,25.0,57.0,9.0,10.0,20.0,13.0,124.0,0.0,,80.0,,,0.0,,,27.0,10.0,,25.0,64.0,18.0,52.0,141.0,,17.0,22.0,,,10.0,,,,,10.0,10.0,22.0,0.0,,,,,127.0,,17.0,11.0,,,106.0,13.0,23.0,,7.0,,,,,,0.0,,,,,,,,,0.0,,8.0,13.0,,,,,,,31.0,,,,,,,,,0.0,,,,,,,,,,,,,,,,,,16.0,,,,21.0,,,,9.0,,,,,,,,,,,,,,15.0,12.0,10.0,,,,,,,,,,,,,,,,,,,,,,,,,,,,,,,,,,,,,,,
Sed_S24,89.0,29.0,103.0,100.0,21.0,,16.0,,259.0,48.0,282.0,,40.0,76.0,158.0,3.0,145.0,40.0,48.0,26.0,,,57.0,32.0,86.0,16.0,35.0,72.0,,,18.0,4.0,56.0,13.0,10.0,31.0,,,59.0,15.0,,0.0,0.0,,,,17.0,,8.0,13.0,,27.0,0.0,,,35.0,17.0,,92.0,3.0,2.0,16.0,13.0,0.0,18.0,0.0,3.0,24.0,,0.0,,,12.0,,,0.0,0.0,,0.0,0.0,0.0,4.0,0.0,,43.0,2.0,,,0.0,,,,,0.0,0.0,62.0,10.0,,,,,33.0,,0.0,0.0,,,0.0,9.0,11.0,,6.0,,,,,,10.0,,,,,,,,,11.0,,50.0,3.0,,,,,,,0.0,,,,,,,,,10.0,,,,,,,,,,,,,,,,,,0.0,,,,0.0,,,,1.0,,,,,,,,,,,,,,0.0,0.0,0.0,,,,,,,,,,,,,,,,,,,,,,,,,,,,,,,,,,,,,,,
Sed_S25,2.0,54.0,24.0,35.0,21.0,,97.0,44.0,0.0,30.0,174.0,,34.0,83.0,93.0,32.0,61.0,232.0,95.0,0.0,0.0,,9.0,73.0,133.0,10.0,,44.0,15.0,0.0,36.0,66.0,61.0,11.0,18.0,52.0,6.0,14.0,70.0,,0.0,228.0,32.0,0.0,4.0,10.0,10.0,,183.0,,,,0.0,,0.0,60.0,18.0,,79.0,95.0,28.0,69.0,21.0,,11.0,,40.0,23.0,,18.0,11.0,,25.0,12.0,,,,,12.0,26.0,17.0,13.0,194.0,10.0,36.0,12.0,,17.0,,4.0,0.0,,,,,,,,,,,34.0,0.0,53.0,,,,,43.0,10.0,20.0,0.0,,,,,,29.0,,12.0,,,,,,,,,6.0,,,4.0,,,,13.0,,,,,,,,,,,,,0.0,,,,,,,,,,,,12.0,,,,,,,,,,,,0.0,,,8.0,,,,,,,,,,,,,22.0,11.0,11.0,5.0,0.0,0.0,,,,,,,,,,,,,,,,,,,,,,,,,,,,,,,,,
Sed_S25,108.0,94.0,916.0,59.0,0.0,,3.0,0.0,52.0,88.0,274.0,,25.0,94.0,134.0,5.0,113.0,24.0,21.0,30.0,10.0,,73.0,13.0,28.0,33.0,,103.0,52.0,107.0,23.0,33.0,26.0,168.0,52.0,30.0,5.0,34.0,0.0,,10.0,55.0,15.0,11.0,6.0,24.0,26.0,,5.0,,,,45.0,,11.0,173.0,39.0,,0.0,12.0,76.0,6.0,6.0,,3.0,,2.0,33.0,,51.0,0.0,,0.0,0.0,,,,,0.0,0.0,0.0,2.0,14.0,0.0,26.0,20.0,,31.0,,36.0,31.0,,,,,,,,,,,18.0,12.0,0.0,,,,,7.0,0.0,2.0,13.0,,,,,,21.0,,42.0,,,,,,,,,47.0,,,33.0,,,,12.0,,,,,,,,,,,,,13.0,,,,,,,,,,,,9.0,,,,,,,,,,,,33.0,,,2.0,,,,,,,,,,,,,0.0,0.0,0.0,5.0,17.0,10.0,,,,,,,,,,,,,,,,,,,,,,,,,,,,,,,,,
Sed_S26,0.0,188.0,53.0,48.0,4.0,,12.0,14.0,0.0,77.0,444.0,,10.0,25.0,35.0,0.0,115.0,368.0,224.0,89.0,0.0,0.0,35.0,2.0,19.0,0.0,20.0,28.0,0.0,50.0,15.0,109.0,20.0,24.0,18.0,29.0,17.0,13.0,0.0,,24.0,59.0,1334.0,,,33.0,130.0,,,,10.0,0.0,174.0,,22.0,134.0,4.0,0.0,13.0,82.0,0.0,0.0,19.0,,10.0,10.0,197.0,11.0,,22.0,25.0,,2.0,37.0,,,11.0,,29.0,39.0,,,,5.0,14.0,12.0,,,95.0,0.0,,41.0,,,,,0.0,67.0,3.0,0.0,,12.0,,,,,,,10.0,159.0,,1.0,,,,,,,,,,,0.0,,,,,,,,,,,,,32.0,,,,,,,,,,0.0,,,,,11.0,,,,10.0,,,,,,43.0,21.0,0.0,11.0,,,,,,,,,,,,,,,,,,,,,,,,,,,,,,,96.0,12.0,10.0,10.0,,,,,,,,,,,,,,,,,,,,,,,,,,,,,
Sed_S26,83.0,83.0,297.0,138.0,6.0,,13.0,7.0,72.0,79.0,351.0,,37.0,40.0,135.0,10.0,160.0,82.0,2.0,173.0,11.0,10.0,84.0,71.0,35.0,40.0,11.0,42.0,15.0,35.0,34.0,11.0,59.0,31.0,62.0,7.0,20.0,27.0,62.0,,20.0,29.0,18.0,,,39.0,78.0,,,,0.0,27.0,25.0,,12.0,80.0,20.0,10.0,0.0,28.0,28.0,11.0,0.0,,0.0,0.0,0.0,19.0,,0.0,8.0,,19.0,0.0,,,6.0,,2.0,0.0,,,,7.0,12.0,0.0,,,0.0,52.0,,13.0,,,,,35.0,0.0,8.0,64.0,,38.0,,,,,,,0.0,0.0,,15.0,,,,,,,,,,,10.0,,,,,,,,,,,,,18.0,,,,,,,,,,12.0,,,,,0.0,,,,0.0,,,,,,0.0,0.0,10.0,3.0,,,,,,,,,,,,,,,,,,,,,,,,,,,,,,,0.0,0.0,20.0,0.0,,,,,,,,,,,,,,,,,,,,,,,,,,,,,
Sed_S27,53.0,59.0,88.0,112.0,24.0,,41.0,,0.0,6.0,225.0,,158.0,24.0,140.0,35.0,71.0,125.0,58.0,7.0,,,11.0,163.0,123.0,15.0,2.0,46.0,117.0,16.0,69.0,0.0,92.0,24.0,43.0,26.0,,,20.0,,,69.0,41.0,,,,2.0,,47.0,,13.0,,6.0,,,56.0,47.0,,27.0,128.0,22.0,26.0,13.0,,34.0,10.0,0.0,19.0,3.0,,,,2.0,,,,,,0.0,,,30.0,56.0,,,45.0,12.0,61.0,,14.0,8.0,,,,,,5.0,41.0,,11.0,,33.0,,,,,11.0,,10.0,,,7.0,,,,,,0.0,,,,,,,,0.0,,,28.0,,,0.0,,,,30.0,,,,,,,,,,,,,,,,,,,,,,,,,,,,,,,,,,,,,0.0,,,,,,,22.0,,,,,,,,,12.0,,13.0,,0.0,,,,,,10.0,0.0,0.0,,,,,,,,,,,,,,,,,,,,,,,,,,
Sed_S27,149.0,97.0,637.0,34.0,25.0,,5.0,,102.0,52.0,165.0,,51.0,88.0,300.0,0.0,143.0,31.0,1.0,49.0,,,52.0,28.0,61.0,0.0,9.0,24.0,45.0,73.0,10.0,25.0,14.0,51.0,2.0,17.0,,,19.0,,,7.0,0.0,,,,8.0,,1.0,,0.0,,18.0,,,215.0,50.0,,24.0,20.0,45.0,0.0,7.0,,0.0,0.0,10.0,50.0,21.0,,,,20.0,,,,,,12.0,,,0.0,0.0,,,22.0,0.0,0.0,,32.0,6.0,,,,,,7.0,0.0,,37.0,,25.0,,,,,0.0,,0.0,,,4.0,,,,,,10.0,,,,,,,,16.0,,,19.0,,,10.0,,,,0.0,,,,,,,,,,,,,,,,,,,,,,,,,,,,,,,,,,,,,19.0,,,,,,,0.0,,,,,,,,,0.0,,0.0,,10.0,,,,,,0.0,13.0,10.0,,,,,,,,,,,,,,,,,,,,,,,,,,
Sed_S28,48.0,56.0,45.0,85.0,25.0,,20.0,,19.0,2.0,137.0,,138.0,61.0,80.0,27.0,87.0,69.0,304.0,5.0,,,16.0,165.0,207.0,6.0,,85.0,130.0,0.0,55.0,21.0,59.0,20.0,67.0,17.0,,,39.0,,,62.0,15.0,,,0.0,5.0,,,,,,17.0,,,13.0,40.0,,59.0,69.0,49.0,13.0,14.0,,18.0,,39.0,10.0,17.0,17.0,12.0,,31.0,,,,,,,29.0,,41.0,498.0,10.0,112.0,,,35.0,32.0,0.0,,,,,,0.0,,16.0,,69.0,,85.0,,10.0,7.0,,,,12.0,10.0,,11.0,,,,,,6.0,,,10.0,,,,,23.0,10.0,,22.0,11.0,,0.0,,,,,11.0,,,,,,,,,,,,,,24.0,,,4.0,,,,,,,5.0,,,10.0,,,,,,,,0.0,,,,,,,,,,,,,,,,,,13.0,,,,,,,,,,,,10.0,8.0,,,,,,,,,,,,,,,,,,,,,,,,
Sed_S28,85.0,36.0,339.0,73.0,18.0,,5.0,,253.0,46.0,220.0,,44.0,55.0,111.0,0.0,85.0,43.0,17.0,63.0,,,46.0,51.0,10.0,16.0,,57.0,23.0,20.0,58.0,12.0,55.0,26.0,50.0,15.0,,,78.0,,,0.0,3.0,,,11.0,7.0,,,,,,11.0,,,120.0,42.0,,39.0,26.0,18.0,39.0,0.0,,6.0,,0.0,15.0,49.0,0.0,11.0,,0.0,,,,,,,0.0,,0.0,59.0,0.0,46.0,,,0.0,0.0,24.0,,,,,,16.0,,0.0,,49.0,,32.0,,0.0,4.0,,,,0.0,2.0,,0.0,,,,,,17.0,,,0.0,,,,,3.0,0.0,,5.0,0.0,,19.0,,,,,0.0,,,,,,,,,,,,,,3.0,,,11.0,,,,,,,9.0,,,2.0,,,,,,,,12.0,,,,,,,,,,,,,,,,,,0.0,,,,,,,,,,,,0.0,3.0,,,,,,,,,,,,,,,,,,,,,,,,
Sed_S29,180.0,121.0,175.0,114.0,,17.0,14.0,21.0,56.0,32.0,153.0,,45.0,27.0,274.0,19.0,90.0,165.0,116.0,152.0,,,42.0,103.0,174.0,25.0,,47.0,63.0,64.0,45.0,37.0,52.0,34.0,55.0,41.0,,,74.0,,,10.0,12.0,7.0,7.0,31.0,,,16.0,,,0.0,25.0,,21.0,283.0,78.0,4.0,81.0,158.0,13.0,55.0,9.0,10.0,16.0,,30.0,29.0,,11.0,,,,,48.0,,,,31.0,,,41.0,35.0,10.0,24.0,10.0,,,6.0,32.0,11.0,,,,,,,,,51.0,,,,,,,,,10.0,,,11.0,,,,15.0,,45.0,,,,,,,,,11.0,,26.0,,,,,10.0,,,,,,,,,,,,,,28.0,,,,,,,,,,,,,,,,,,,,,,,,,,,,10.0,,,,,,,,,,,,,,,,,,,,,,,,,,,,17.0,11.0,,,,,,,,,,,,,,,,,,,,,,
Sed_S29,109.0,32.0,320.0,25.0,,29.0,0.0,2.0,143.0,32.0,99.0,,20.0,30.0,178.0,0.0,68.0,12.0,37.0,49.0,,,32.0,16.0,11.0,0.0,,18.0,30.0,9.0,8.0,33.0,20.0,48.0,5.0,5.0,,,14.0,,,0.0,5.0,11.0,8.0,17.0,,,10.0,,,12.0,32.0,,0.0,131.0,55.0,7.0,11.0,0.0,31.0,30.0,5.0,0.0,0.0,,1.0,17.0,,0.0,,,,,5.0,,,,5.0,,,0.0,0.0,0.0,0.0,0.0,,,8.0,7.0,0.0,,,,,,,,,35.0,,,,,,,,,1.0,,,10.0,,,,2.0,,0.0,,,,,,,,,0.0,,17.0,,,,,0.0,,,,,,,,,,,,,,3.0,,,,,,,,,,,,,,,,,,,,,,,,,,,,0.0,,,,,,,,,,,,,,,,,,,,,,,,,,,,0.0,0.0,,,,,,,,,,,,,,,,,,,,,,
Sed_S30,187.0,121.0,80.0,77.0,,62.0,6.0,9.0,0.0,0.0,112.0,0.0,57.0,46.0,273.0,14.0,76.0,137.0,164.0,103.0,7.0,,15.0,30.0,79.0,26.0,0.0,62.0,45.0,0.0,43.0,4.0,24.0,10.0,20.0,35.0,0.0,0.0,25.0,,,67.0,29.0,7.0,0.0,34.0,3.0,,5.0,,,,4.0,,0.0,190.0,43.0,,40.0,95.0,12.0,43.0,18.0,22.0,19.0,16.0,,34.0,,,0.0,,,,,,9.0,,,,,23.0,33.0,,22.0,0.0,,,,0.0,17.0,,,,,,5.0,,,70.0,,47.0,,,,,,,5.0,8.0,,0.0,,,,,,29.0,,0.0,,,,5.0,,,20.0,,4.0,,,,0.0,,,7.0,,,,,,,,3.0,14.0,,0.0,,11.0,,,,,9.0,,,0.0,,,,,,,,,,,,,,,13.0,0.0,,,,0.0,,,,,,,,,,,,,,,,0.0,,,,,,,0.0,0.0,,,,12.0,5.0,0.0,0.0,,,,,,,,,,,,,,,,,,,
Sed_S30,368.0,148.0,1898.0,64.0,,61.0,4.0,15.0,72.0,89.0,284.0,28.0,76.0,147.0,657.0,0.0,255.0,86.0,49.0,89.0,7.0,,85.0,9.0,8.0,37.0,19.0,79.0,57.0,217.0,10.0,50.0,0.0,191.0,78.0,31.0,17.0,39.0,13.0,,,7.0,15.0,18.0,27.0,27.0,76.0,,18.0,,,,59.0,,10.0,489.0,97.0,,3.0,18.0,56.0,29.0,5.0,0.0,3.0,0.0,,91.0,,,21.0,,,,,,3.0,,,,,0.0,17.0,,5.0,22.0,,,,39.0,20.0,,,,,,8.0,,,16.0,,22.0,,,,,,,6.0,6.0,,36.0,,,,,,39.0,,24.0,,,,20.0,,,0.0,,11.0,,,,10.0,,,4.0,,,,,,,,12.0,0.0,,11.0,,0.0,,,,,26.0,,,10.0,,,,,,,,,,,,,,,3.0,57.0,,,,10.0,,,,,,,,,,,,,,,,54.0,,,,,,,17.0,17.0,,,,0.0,9.0,38.0,15.0,,,,,,,,,,,,,,,,,,,
Sed_S31,31.0,4.0,18.0,0.0,,10.0,9.0,,0.0,3.0,27.0,,46.0,6.0,48.0,,20.0,10.0,11.0,3.0,,,5.0,13.0,20.0,0.0,,28.0,0.0,9.0,3.0,99.0,23.0,0.0,2.0,17.0,14.0,,11.0,,,93.0,,,,0.0,18.0,,238.0,,10.0,,4.0,,,14.0,0.0,,41.0,9.0,20.0,59.0,,,,,10.0,,0.0,,28.0,,0.0,,,,0.0,,,,,10.0,0.0,,,,,,,0.0,,,,,,,0.0,,21.0,3.0,,0.0,,73.0,17.0,,,24.0,,,,,,,,,,3.0,,13.0,,,,,,2.0,,,0.0,,,,,,,,,,,,,,,,1.0,,8.0,0.0,13.0,,,,,0.0,,,,,,,,,,13.0,,,,14.0,,,,,,,,9.0,,,,,,,,,,,,14.0,,,,,0.0,,,,,,,,,,,,,,,,,,,,,,,,,,,,,,,,,,
Sed_S31,69.0,34.0,604.0,47.0,,0.0,3.0,,198.0,130.0,146.0,,33.0,68.0,117.0,,69.0,32.0,22.0,61.0,,,119.0,12.0,19.0,26.0,,66.0,75.0,74.0,20.0,3.0,62.0,48.0,18.0,17.0,8.0,,21.0,,,0.0,,,,10.0,23.0,,0.0,,0.0,,6.0,,,42.0,48.0,,11.0,12.0,24.0,30.0,,,,,0.0,,34.0,,11.0,,10.0,,,,11.0,,,,,5.0,27.0,,,,,,,54.0,,,,,,,11.0,,0.0,67.0,,12.0,,2.0,9.0,,,0.0,,,,,,,,,,8.0,,0.0,,,,,,13.0,,,29.0,,,,,,,,,,,,,,,,9.0,,2.0,11.0,0.0,,,,,11.0,,,,,,,,,,5.0,,,,0.0,,,,,,,,2.0,,,,,,,,,,,,0.0,,,,,10.0,,,,,,,,,,,,,,,,,,,,,,,,,,,,,,,,,,
Sed_S32,163.0,170.0,1027.0,75.0,5.0,11.0,2.0,0.0,11.0,103.0,111.0,,40.0,130.0,310.0,0.0,73.0,60.0,23.0,16.0,,0.0,90.0,11.0,20.0,20.0,13.0,115.0,11.0,143.0,6.0,10.0,16.0,136.0,16.0,9.0,23.0,,11.0,,10.0,28.0,2.0,,12.0,7.0,69.0,0.0,9.0,,0.0,11.0,25.0,,,195.0,0.0,0.0,23.0,0.0,63.0,7.0,,,0.0,6.0,17.0,38.0,6.0,0.0,14.0,,0.0,,,2.0,3.0,,0.0,0.0,0.0,0.0,,,5.0,39.0,,10.0,10.0,36.0,,,,,,29.0,71.0,0.0,,,,10.0,,0.0,2.0,,,,0.0,,,,,11.0,,,117.0,,,31.0,,,,12.0,,,,,35.0,,,28.0,,,10.0,,,,,,,,,,,,12.0,,5.0,12.0,10.0,,,11.0,,11.0,10.0,,,,0.0,,,,,,,,,,,,105.0,,,4.0,,,,,,,,,,,,,,,,,42.0,,,,,,,10.0,18.0,,,,,,15.0,,0.0,0.0,,,,,,,,,,,,,,,,,
Sed_S32,29.0,69.0,37.0,39.0,31.0,0.0,14.0,10.0,8.0,9.0,94.0,,124.0,73.0,39.0,10.0,53.0,109.0,41.0,8.0,,10.0,16.0,32.0,139.0,0.0,0.0,64.0,0.0,27.0,47.0,70.0,99.0,25.0,8.0,48.0,0.0,,27.0,,0.0,120.0,54.0,,0.0,4.0,15.0,46.0,94.0,,41.0,0.0,0.0,,,46.0,10.0,18.0,36.0,24.0,18.0,11.0,,,12.0,40.0,0.0,0.0,4.0,190.0,0.0,,11.0,,,8.0,9.0,,12.0,22.0,12.0,35.0,,,81.0,29.0,,114.0,11.0,4.0,,,,,,0.0,0.0,18.0,,,,9.0,,11.0,44.0,,,,20.0,,,,,0.0,,,0.0,,,0.0,,,,0.0,,,,,33.0,,,0.0,,,0.0,,,,,,,,,,,,4.0,,5.0,0.0,0.0,,,0.0,,0.0,0.0,,,,13.0,,,,,,,,,,,,0.0,,,18.0,,,,,,,,,,,,,,,,,0.0,,,,,,,0.0,0.0,,,,,,0.0,,11.0,11.0,,,,,,,,,,,,,,,,,
Sed_S8,,8.0,15.0,40.0,13.0,,33.0,14.0,2.0,,195.0,,42.0,183.0,30.0,,239.0,0.0,124.0,29.0,,,8.0,52.0,166.0,,,192.0,10.0,5.0,0.0,61.0,11.0,6.0,23.0,62.0,0.0,,17.0,,0.0,513.0,230.0,0.0,,,,,,10.0,30.0,,2.0,,4.0,158.0,26.0,76.0,10.0,0.0,2.0,88.0,14.0,,,39.0,10.0,,,1.0,10.0,,57.0,99.0,,,26.0,,57.0,145.0,,,,,,,,13.0,,,0.0,15.0,,28.0,12.0,,1.0,,,,,47.0,10.0,,48.0,42.0,14.0,40.0,,41.0,11.0,,55.0,,,0.0,,,,0.0,0.0,,,0.0,,,,,,0.0,,0.0,0.0,,,27.0,,,,,,14.0,,,,11.0,,,,,5.0,,,,,,,,,,4.0,188.0,,,,,,,,,,,,,,0.0,,,,32.0,,24.0,,,,,,,,,,,,,,,,,,,,0.0,,,,,,,,,30.0,17.0,23.0,23.0,10.0,10.0,10.0,9.0,4.0,0.0,0.0,0.0,0.0,0.0,0.0,0.0,
Sed_S8,,256.0,297.0,170.0,103.0,,0.0,0.0,463.0,,103.0,,553.0,13.0,335.0,,67.0,92.0,83.0,54.0,,,40.0,62.0,34.0,,,160.0,88.0,32.0,31.0,0.0,21.0,22.0,9.0,24.0,12.0,,35.0,,83.0,0.0,26.0,10.0,,,,,,0.0,18.0,,18.0,,14.0,24.0,0.0,0.0,0.0,16.0,41.0,11.0,0.0,,,0.0,3.0,,,31.0,0.0,,81.0,0.0,,,0.0,,0.0,0.0,,,,,,,,145.0,,,11.0,10.0,,0.0,0.0,,109.0,,,,,0.0,0.0,,40.0,24.0,0.0,0.0,,515.0,0.0,,0.0,,,44.0,,,,28.0,14.0,,,97.0,,,,,,49.0,,75.0,28.0,,,0.0,,,,,,0.0,,,,53.0,,,,,8.0,,,,,,,,,,11.0,628.0,,,,,,,,,,,,,,20.0,,,,41.0,,1.0,,,,,,,,,,,,,,,,,,,,14.0,,,,,,,,,0.0,51.0,115.0,0.0,0.0,0.0,0.0,13.0,32.0,23.0,15.0,15.0,13.0,12.0,11.0,11.0,
Sed_S9,53.0,46.0,0.0,26.0,0.0,42.0,67.0,10.0,4.0,6.0,122.0,14.0,58.0,134.0,144.0,,110.0,52.0,139.0,40.0,,,19.0,22.0,90.0,38.0,0.0,86.0,14.0,0.0,21.0,246.0,32.0,0.0,36.0,58.0,16.0,,58.0,,1.0,273.0,17.0,,,23.0,17.0,42.0,297.0,17.0,41.0,0.0,50.0,0.0,37.0,72.0,24.0,,129.0,17.0,,74.0,8.0,31.0,32.0,32.0,36.0,4.0,,118.0,60.0,4.0,,0.0,,,,,25.0,16.0,6.0,24.0,,,78.0,10.0,,0.0,,12.0,4.0,,,,,0.0,12.0,,,,,21.0,,84.0,19.0,,,,,19.0,30.0,,,,,,0.0,0.0,,35.0,,,,10.0,,,,,4.0,0.0,,,0.0,,0.0,,52.0,11.0,,,,,,,,0.0,10.0,,28.0,0.0,6.0,0.0,,,,0.0,,0.0,,,3.0,,,,,,,0.0,,7.0,,,,,,,,,,,,,,,,,,,,,,,,,,,,,,,,,,,,,,,,17.0,,,,,,,,,,,,0.0,,,,,10.0
Sed_S9,64.0,155.0,239.0,77.0,62.0,23.0,6.0,0.0,319.0,48.0,226.0,0.0,46.0,38.0,127.0,,96.0,26.0,32.0,172.0,,,54.0,34.0,25.0,0.0,32.0,133.0,57.0,13.0,8.0,10.0,102.0,49.0,35.0,7.0,13.0,,27.0,,20.0,34.0,11.0,,,32.0,16.0,24.0,8.0,9.0,10.0,15.0,17.0,10.0,3.0,51.0,0.0,,13.0,16.0,,23.0,4.0,22.0,0.0,6.0,0.0,8.0,,7.0,2.0,28.0,,10.0,,,,,0.0,0.0,4.0,13.0,,,17.0,0.0,,95.0,,56.0,7.0,,,,,11.0,11.0,,,,,6.0,,0.0,0.0,,,,,13.0,0.0,,,,,,328.0,13.0,,0.0,,,,0.0,,,,,16.0,26.0,,,96.0,,1127.0,,0.0,0.0,,,,,,,,16.0,0.0,,2.0,12.0,31.0,13.0,,,,10.0,,19.0,,,14.0,,,,,,,12.0,,4.0,,,,,,,,,,,,,,,,,,,,,,,,,,,,,,,,,,,,,,,,0.0,,,,,,,,,,,,30.0,,,,,0.0
